title,resolution,emdb_id,fitted_pdbs,xref_UNIPROTKB,xref_ALPHAFOLD,Q-score,atom_inclusion,recommended_contour_level
60S ribosome biogenesis intermediate (Dbp10 post-catalytic structure - Overall map),2.66,EMD-43027,8v87,"P05738,P39744,P38779,P40078,P05740,Q02892,P05749,P38061,P0C2H8,P36049,P05737,Q03532,P40991,P04456,P87262,P53927,Q12690,P33201,P14120,P05745,P38202,P0CX23,P40007,P49167,P14126,P0CX49,P0CX84,Q04660,P25582,P0CX41,Q08962,A0A8H4BV53,P0CX43,P49166,P40693,Q07915,Q12522,P05744,P0CX82,Q07896,P53261,P10664,P36105,P05748,P0C2H6,P40010,P43586,P17076,Q08235,P05743,P26784,Q12389,Q02326","P05738,P39744,P38779,P40078,P05740,Q02892,P05749,P38061,P0C2H8,P36049,P05737,Q03532,P40991,P04456,P87262,P53927,Q12690,P33201,P14120,P05745,P38202,P0CX23,P40007,P49167,P14126,P0CX49,P0CX84,Q04660,P25582,P0CX41,Q08962,P0CX43,P49166,P40693,Q07915,Q12522,P05744,P0CX82,Q07896,P53261,P10664,P36105,P05748,P0C2H6,P40010,P43586,P17076,Q08235,P05743,P26784,Q12389,Q02326",0.519,0.48,0.04
80S S. cerevisiae ribosome with ligands in hybrid-2 pre-translocation (PRE-H2) complex,2.72,EMD-16591,8cdl,"P38011,P05738,P05740,P0CX47,P0CX29,P05749,Q02753,P38061,P06367,P05317,P0C2H8,P0CX51,P05737,P0CX55,P07280,P0CX33,P04456,P87262,P0CX35,Q12690,P04650,P04449,A0A6A5PUG0,Q02326,P05747,P14120,A7A1W1,P05745,Q08745,P26786,P0CX40,A0A6A5PV92,Q3E7X9,Q3E792,P14126,P0CX49,P41805,P0CX84,P49167,P32905,Q01855,P0CX41,P0CX86,A0A6A5Q3Q1,P49166,P0CX37,P25443,P0CX45,P0CX27,P05744,P0C0W1,P35997,P0CX82,P26321,P0CX25,P10664,P05756,P36105,P05748,P26783,P0C2H6,O13516,P0C0V8,P17076,P0C0W9,P02407,A0A6A5PVE9,P05743,P0CH08,P0CX31,P02406,A0A6A5PU37,P26784,P0CX53,P0CX23","P38011,P05738,P05740,P0CX47,P0CX29,P05749,Q02753,P38061,P06367,P05317,P0C2H8,P0CX51,P05737,P0CX55,P07280,P0CX33,P04456,P87262,P0CX35,Q12690,P04650,P04449,A0A6A5PUG0,Q02326,P05747,P14120,A7A1W1,P05745,Q08745,P26786,P0CX40,A0A6A5PV92,Q3E7X9,Q3E792,P14126,P0CX49,P41805,P0CX84,P49167,P32905,Q01855,P0CX41,P0CX86,A0A6A5Q3Q1,P49166,P0CX37,P25443,P0CX45,P0CX27,P05744,P0C0W1,P35997,P0CX82,P26321,P0CX25,P10664,P05756,P36105,P05748,P26783,P0C2H6,O13516,P0C0V8,P17076,P0C0W9,P02407,A0A6A5PVE9,P05743,P0CH08,P0CX31,P02406,A0A6A5PU37,P26784,P0CX53,P0CX23",0.533,0.779,0.141
Collided ribosome in a disome unit from S. cerevisiae,2.5,EMD-14979,7zux,"P38011,P05738,P05740,Q3E757,P0CX29,P05749,Q02753,P38061,P0CX51,P39939,P0C2H8,P38701,P05737,P0CX55,P41057,P07280,P05750,P0CX33,P0CX35,P04456,P87262,Q12690,P04650,A7A1W1,P04449,P48589,P05747,P14120,Q08745,P05745,P26786,P0CX47,P0CX40,Q3E792,Q01855,Q3E7X9,P14126,P05739,P41805,P32905,P0CX49,P0CX84,P0CX41,P0CX86,P39516,P49166,P49167,P0CX37,P25443,P0CX45,P0CX27,P05744,P0C0W1,P35997,P26321,P0CX82,P0CX25,P10664,P05756,P36105,O13516,P26783,P05748,P0C0V8,P05759,P0C2H6,P17076,P02407,P05743,P0CH08,P0CX31,P02406,P26784,P0CX23","P38011,P05738,P05740,Q3E757,P0CX29,P05749,Q02753,P38061,P0CX51,P39939,P0C2H8,P38701,P05737,P0CX55,P41057,P07280,P05750,P0CX33,P0CX35,P04456,P87262,Q12690,P04650,A7A1W1,P04449,P48589,P05747,P14120,Q08745,P05745,P26786,P0CX47,P0CX40,Q3E792,Q01855,Q3E7X9,P14126,P05739,P41805,P32905,P0CX49,P0CX84,P0CX41,P0CX86,P39516,P49166,P49167,P0CX37,P25443,P0CX45,P0CX27,P05744,P0C0W1,P35997,P26321,P0CX82,P0CX25,P10664,P05756,P36105,O13516,P26783,P05748,P0C0V8,P05759,P0C2H6,P17076,P02407,P05743,P0CH08,P0CX31,P02406,P26784,P0CX23",0.516,0.838,0.6
Cryo-EM Structure of K63 Ubiquitinated Yeast Translocating Ribosome under Oxidative Stress,3.2,EMD-22198,6xir,"P38011,P05740,A0A6A5PXU0,A0A6A5Q0D0,P05749,Q02753,P0CX29,A0A6A5PWR1,P0C2H8,P0CX51,A0A6A5PSE9,P05737,P0CX55,P14127,P07280,P04456,P87262,A0A6A5PWW7,P0CX35,A0A1L4AA68,Q12690,P04650,Q02326,A0A6A5PUZ5,P14120,A0A6A5Q3W0,Q08745,A0A6A5PY83,P05745,A0A6A5Q1M9,P26786,P0CX47,A0A6A5PV92,P0CX49,P0CX84,A0A6A5Q0W8,A0A6A5PUL8,P32905,A0A6A5Q0E8,P0CX41,A0A6A5Q3Q1,P39516,P49166,A0A6A5PWF7,P0CX37,P0CX45,P0CX27,P05744,A0A6A5Q700,P35997,P0CX82,P0CX25,A0A6A5Q627,A0A6A5PRY4,P36105,P05748,O13516,P0C2H6,P05756,P0C0V8,A0A6A5PZ18,A0A6A5Q1H1,A0A6A5PVE9,P05743,A0A6A5Q6F2,P02406,P0CX31,P26784,A0A6A5PYM2,P0CX23","P38011,P05740,P0CX29,P05749,Q02753,A0A6A5PWR1,P0C2H8,P0CX51,A0A6A5PSE9,P05737,P0CX55,P14127,P07280,P04456,P87262,P0CX35,A0A1L4AA68,Q12690,P04650,Q02326,A0A6A5PUZ5,P14120,A0A6A5Q3W0,Q08745,A0A6A5PY83,P05745,A0A6A5Q1M9,P26786,P0CX47,A0A6A5PV92,P0CX49,P0CX84,A0A6A5Q0W8,A0A6A5PUL8,P32905,A0A6A5Q0E8,P0CX41,A0A6A5Q3Q1,P39516,P49166,A0A6A5PWF7,P0CX37,P0CX45,P0CX27,P05744,A0A6A5Q700,P35997,P0CX82,P0CX25,A0A6A5Q627,A0A6A5PRY4,P36105,P05748,O13516,P0C2H6,P05756,P0C0V8,A0A6A5PZ18,A0A6A5Q1H1,A0A6A5PVE9,P05743,A0A6A5Q6F2,P02406,P0CX31,P26784,A0A6A5PYM2,P0CX23",0.405,0.913,1.6
Cryo-EM Structure of Pre-B-like Complex (core part),3.1,EMD-18548,8qpe,"P83876,Q15459,Q6P2Q9,Q15029,O43290,Q8WWY3,Q96NC0,P55769,O94906,Q8NAV1,Q53GS9,O43395,P55081,O75554,O43172","P83876,Q15459,Q6P2Q9,Q15029,O43290,Q8WWY3,Q96NC0,P55769,O94906,Q8NAV1,Q53GS9,O43395,P55081,O75554,O43172",0.495,0.688,0.085
Cryo-EM map of the Candida albicans 80S ribosome in complex with blasticidin s,2.67,EMD-13750,7q0r,"O42817,A0A1D8PLC9,Q5AJ93,A0A1D8PK22,A0A1D8PN83,A0A1D8PI15,A0A1D8PQN0,A0A1D8PG16,A0A1D8PK71,A0A1D8PF57,Q5A7K0,A0A1D8PFG4,A0A1D8PPE0,A0A1D8PNQ6,A0A2V1AQU0,A0A1D8PK40,Q5A900,Q5A389,A0A1D8PDU3,A0A1D8PM75,Q5ALV6,Q5AGZ7,A0A1D8PDT4,O59931,A0A1D8PL99,A0A1D8PH21,A0A1D8PCX8,Q5A6R1,A0A1D8PSC5,A0A1D8PGY8,A0A1D8PDT3,A0A1D8PK61,Q5ANA1,A0A1D8PTR4,Q59LS1,P83774,A0A1D8PSV5,Q5ADQ6,Q59T44,P40910,A0A1D8PCW6,Q5A109,A0A1D8PPS1,A0A1D8PCG7,A0A1D8PCI6,Q96W54,A0A1D8PTI7,A0A1D8PPN6,Q5AG43,A0A1D8PSK2,A0A1D8PEY9,A0A1D8PF45,A0A1D8PQQ5,Q5AIB8","O42817,A0A1D8PLC9,Q5AJ93,A0A1D8PK22,A0A1D8PN83,A0A1D8PI15,A0A1D8PQN0,A0A1D8PG16,A0A1D8PK71,A0A1D8PF57,Q5A7K0,A0A1D8PFG4,A0A1D8PPE0,A0A1D8PNQ6,A0A2V1AQU0,A0A1D8PK40,Q5A900,Q5A389,A0A1D8PDU3,A0A1D8PM75,Q5ALV6,Q5AGZ7,A0A1D8PDT4,O59931,A0A1D8PL99,A0A1D8PH21,A0A1D8PCX8,Q5A6R1,A0A1D8PSC5,A0A1D8PGY8,A0A1D8PDT3,A0A1D8PK61,Q5ANA1,A0A1D8PTR4,Q59LS1,P83774,A0A1D8PSV5,Q5ADQ6,Q59T44,P40910,A0A1D8PCW6,Q5A109,A0A1D8PPS1,A0A1D8PCG7,A0A1D8PCI6,Q96W54,A0A1D8PTI7,A0A1D8PPN6,Q5AG43,A0A1D8PSK2,A0A1D8PEY9,A0A1D8PF45,A0A1D8PQQ5,Q5AIB8",0.448,0.607,0.632
Cryo-EM structure of 90S small subunit preribosomes in transition states (State A),3.2,EMD-0949,6lqp,"Q12460,P42945,P38333,P36144,Q06506,Q08492,Q02354,Q06679,P0CX29,Q05946,P06367,P40470,P0CX51,P25368,P0CX55,P40055,P53276,Q04177,Q12220,P40079,P0CX35,P53914,Q04305,P0CX39,P33750,P53254,Q12136,P48589,Q12035,Q02931,P40546,P26786,P0CX47,Q3E7X9,P33442,P25586,Q05498,P32899,P47083,P48234,Q99207,Q08965,P0CX37,P39990,P53941,P38882,P34247,P35997,Q06631,P15646,P05756,O13516,P26783,Q04500,Q3E7Y3,Q12499,P40362,Q06512,P0CX31,P25635,Q06078,P35194,Q06287,Q08096","Q12460,P42945,P38333,P36144,Q06506,Q08492,Q02354,Q06679,P0CX29,Q05946,P06367,P40470,P0CX51,P25368,P0CX55,P40055,P53276,Q04177,Q12220,P40079,P0CX35,P53914,Q04305,P0CX39,P33750,P53254,Q12136,P48589,Q12035,Q02931,P40546,P26786,P0CX47,Q3E7X9,P33442,P25586,Q05498,P32899,P47083,P48234,Q99207,Q08965,P0CX37,P39990,P53941,P38882,P34247,P35997,Q06631,P15646,P05756,O13516,P26783,Q04500,Q3E7Y3,Q12499,P40362,Q06512,P0CX31,P25635,Q06078,P35194,Q06287,Q08096",0.471,0.724,0.03
Cryo-EM structure of Brr2 in complex with Fbp21,3.3,EMD-13045,7os1,"O75643,O75554","O75643,O75554",0.407,0.815,0.3
Cryo-EM structure of Lsg1-engaged (LE) pre-60S ribosomal subunit,3.8,EMD-0373,6n8n,"P05738,P05740,P05749,Q02753,Q02256,P38061,P0C2H8,P05737,P04456,P87262,Q12690,P04650,P04449,P05747,P14120,P05745,P53145,P0CX23,P49167,P14126,P0CX49,P0CX84,P0CX41,P38861,P49166,Q12522,P0CX45,P0CX27,P05744,P26321,P0CX25,P0CX82,P10664,P36105,P05748,P0C2H6,P17076,P0C0W9,P05743,P0CH08,P02406,P26784,P0CX53,Q02326","P05738,P05740,P05749,Q02753,Q02256,P38061,P0C2H8,P05737,P04456,P87262,Q12690,P04650,P04449,P05747,P14120,P05745,P53145,P0CX23,P49167,P14126,P0CX49,P0CX84,P0CX41,P38861,P49166,Q12522,P0CX45,P0CX27,P05744,P26321,P0CX25,P0CX82,P10664,P36105,P05748,P0C2H6,P17076,P0C0W9,P05743,P0CH08,P02406,P26784,P0CX53,Q02326",0.457,0.846,0.022
Cryo-EM structure of PRMT5/WDR77 in complex with 6S complex (GRG local refine),3.19,EMD-47478,9e3c,"P62314,O14744","P62314,O14744",0.508,0.792,0.2
Cryo-EM structure of PRMT5/WDR77 in complex with 6S complex (pICln PBM local refinement),3.36,EMD-47476,9e3a,"P54105,O14744,Q9BQA1","P54105,O14744,Q9BQA1",0.48,0.778,0.3
Cryo-EM structure of Rpl10-inserted (RI) pre-60S ribosomal subunit,3.5,EMD-0374,6n8o,"P05738,P05740,P05749,Q02753,Q02256,P38061,P0C2H8,P05737,P04456,P87262,Q12690,P04650,P04449,P05747,P14120,P05745,P53145,P0CX23,P49167,P14126,P0CX49,P41805,P0CX84,P0CX41,P38861,P49166,Q12522,P0CX45,P0CX27,P05744,P26321,P0CX25,P0CX82,P10664,P36105,P05748,P0C2H6,P17076,P0C0W9,P05743,P0CH08,P02406,P26784,P0CX53,Q02326","P05738,P05740,P05749,Q02753,Q02256,P38061,P0C2H8,P05737,P04456,P87262,Q12690,P04650,P04449,P05747,P14120,P05745,P53145,P0CX23,P49167,P14126,P0CX49,P41805,P0CX84,P0CX41,P38861,P49166,Q12522,P0CX45,P0CX27,P05744,P26321,P0CX25,P0CX82,P10664,P36105,P05748,P0C2H6,P17076,P0C0W9,P05743,P0CH08,P02406,P26784,P0CX53,Q02326",0.493,0.894,0.02
Cryo-EM structure of an active human histone pre-mRNA 3'-end processing machinery at 3.2 Angstrom resolution,3.2,EMD-21050,6v4x,"P62308,P62306,P62318,Q969L4,Q92797,P14678,P62304,Q9UKF6,Q9P2I0,P83369","P62308,P62306,P62318,Q969L4,Q92797,P14678,P62304,Q9UKF6,Q9P2I0,P83369",0.516,0.736,0.0243
Cryo-EM structure of early cytoplasmic-immediate (ECI) pre-60S ribosomal subunit,3.6,EMD-0370,6n8k,"P05738,P05740,Q02892,P05749,P38061,Q02753,P0C2H8,P05737,P04456,P87262,Q12690,P04650,P05747,P14120,P33201,P05745,P38202,P0CX23,P49167,P0CX84,P14126,P0CX49,P0CX41,P38861,Q07915,P49166,Q12522,P0CX45,P0CX27,P05744,P26321,P0CX25,P0CX82,P10664,P36105,P05748,P0C2H6,P17076,P0C0W9,Q08004,P05743,P02406,P26784,Q02326","P05738,P05740,Q02892,P05749,P38061,Q02753,P0C2H8,P05737,P04456,P87262,Q12690,P04650,P05747,P14120,P33201,P05745,P38202,P0CX23,P49167,P0CX84,P14126,P0CX49,P0CX41,P38861,Q07915,P49166,Q12522,P0CX45,P0CX27,P05744,P26321,P0CX25,P0CX82,P10664,P36105,P05748,P0C2H6,P17076,P0C0W9,Q08004,P05743,P02406,P26784,Q02326",0.465,0.856,0.02
Cryo-EM structure of late nuclear (LN) pre-60S ribosomal subunit,3.5,EMD-0369,6n8j,"P05738,P40078,P05740,Q02892,P05749,P38061,Q02753,P0C2H8,P05737,P04456,P87262,Q12690,P04650,P05747,P14120,P33201,P05745,P38202,P0CX23,P49167,P0CX84,P14126,P0CX49,P0CX41,Q07915,P49166,Q12522,P0CX45,P0CX27,P05744,P26321,P0CX25,P0CX82,P53742,P10664,P36105,P05748,P0C2H6,P17076,P0C0W9,Q08004,P05743,P02406,P26784,P0CX53,Q02326","P05738,P40078,P05740,Q02892,P05749,P38061,Q02753,P0C2H8,P05737,P04456,P87262,Q12690,P04650,P05747,P14120,P33201,P05745,P38202,P0CX23,P49167,P0CX84,P14126,P0CX49,P0CX41,Q07915,P49166,Q12522,P0CX45,P0CX27,P05744,P26321,P0CX25,P0CX82,P53742,P10664,P36105,P05748,P0C2H6,P17076,P0C0W9,Q08004,P05743,P02406,P26784,P0CX53,Q02326",0.478,0.861,0.018
"Cryo-EM structure of pre-60S ribosomal subunit, unmethylated G2922",2.9,EMD-26485,7ug6,"P05738,P40078,Q08746,P05740,Q02892,P05749,Q02753,P38061,P0C2H8,P05737,P04456,P87262,Q12690,P04650,Q02326,P14120,P33201,P47019,P05745,P38202,P36160,P49167,P0CX49,P14126,P0CX84,P0CX41,Q07915,P49166,Q12522,P0CX45,P25382,P05744,P26321,P0CX82,P0CX25,P53742,P10664,P36105,P05748,P0C2H6,P40010,P17076,P0C0W9,Q08004,P05743,P02406,P26784,P0CX53,P0CX23","P05738,P40078,Q08746,P05740,Q02892,P05749,Q02753,P38061,P0C2H8,P05737,P04456,P87262,Q12690,P04650,Q02326,P14120,P33201,P47019,P05745,P38202,P36160,P49167,P0CX49,P14126,P0CX84,P0CX41,Q07915,P49166,Q12522,P0CX45,P25382,P05744,P26321,P0CX82,P0CX25,P53742,P10664,P36105,P05748,P0C2H6,P40010,P17076,P0C0W9,Q08004,P05743,P02406,P26784,P0CX53,P0CX23",0.533,0.611,0.18
Cryo-EM structure of pre-60S ribosome from Saccharomyces cerevisiae rpl4delta63-87 strain at 3.12 Angstroms resolution(state R1),3.12,EMD-30170,7bt6,"P05738,P40078,Q08746,P05740,Q02892,P05749,Q02753,P38061,P0C2H8,P05737,P04456,P87262,Q12690,Q02326,P33201,P14120,P05745,P38202,P36160,P49167,P0CX49,P14126,P0CX84,P0CX41,Q07915,P49166,Q12522,P0CX45,P25382,P05744,P26321,P0CX82,P0CX25,P53742,P10664,P36105,P05748,P0C2H6,P17076,P0C0W9,P05743,P02406,P26784,P0CX23","P05738,P40078,Q08746,P05740,Q02892,P05749,Q02753,P38061,P0C2H8,P05737,P04456,P87262,Q12690,Q02326,P33201,P14120,P05745,P38202,P36160,P49167,P0CX49,P14126,P0CX84,P0CX41,Q07915,P49166,Q12522,P0CX45,P25382,P05744,P26321,P0CX82,P0CX25,P53742,P10664,P36105,P05748,P0C2H6,P17076,P0C0W9,P05743,P02406,P26784,P0CX23",0.533,0.816,0.025
Cryo-EM structure of pre-60S ribosome from Saccharomyces cerevisiae rpl4delta63-87 strain at 3.22 Angstroms resolution(state R2),3.22,EMD-30174,7btb,"P05738,P38779,P40078,Q08746,P05740,Q02892,P05749,Q02753,P38061,P0C2H8,P05737,P04456,P87262,P53927,Q12690,Q02326,P33201,P14120,P05745,Q12080,P38202,P36160,P49167,P0CX49,P14126,P0CX84,P0CX41,Q07915,P49166,P40693,Q12522,P0CX45,P25382,P05744,P26321,P0CX82,P53261,P0CX25,P53742,P10664,P36105,P05748,P0C2H6,P17076,P0C0W9,P05743,P02406,P26784,P0CX23","P05738,P38779,P40078,Q08746,P05740,Q02892,P05749,Q02753,P38061,P0C2H8,P05737,P04456,P87262,P53927,Q12690,Q02326,P33201,P14120,P05745,Q12080,P38202,P36160,P49167,P0CX49,P14126,P0CX84,P0CX41,Q07915,P49166,P40693,Q12522,P0CX45,P25382,P05744,P26321,P0CX82,P53261,P0CX25,P53742,P10664,P36105,P05748,P0C2H6,P17076,P0C0W9,P05743,P02406,P26784,P0CX23",0.51,0.711,0.03
Cryo-EM structure of pre-Lsg1 (PL) pre-60S ribosomal subunit,3.5,EMD-0372,6n8m,"P05738,P05740,P05749,Q02753,Q02256,P38061,P0C2H8,P05737,P04456,P87262,Q12690,P04650,P04449,P05747,P14120,P05745,P0CX23,P49167,P0CX49,P14126,P0CX84,P0CX41,P38861,P49166,Q12522,P0CX45,P0CX27,P05744,P26321,P0CX25,P0CX82,P10664,P36105,P05748,P0C2H6,P17076,P0C0W9,P05743,P0CH08,P02406,P26784,P0CX53,Q02326","P05738,P05740,P05749,Q02753,Q02256,P38061,P0C2H8,P05737,P04456,P87262,Q12690,P04650,P04449,P05747,P14120,P05745,P0CX23,P49167,P0CX49,P14126,P0CX84,P0CX41,P38861,P49166,Q12522,P0CX45,P0CX27,P05744,P26321,P0CX25,P0CX82,P10664,P36105,P05748,P0C2H6,P17076,P0C0W9,P05743,P0CH08,P02406,P26784,P0CX53,Q02326",0.488,0.891,0.02
"Cryo-EM structure of the 90S pre-ribosome from Saccharomyces cerevisiae, state B2",3.9,EMD-11358,6zqb,"Q12460,P42945,P38333,P36144,Q08492,Q06506,Q02354,Q06679,Q05946,P0CX29,P06367,P40470,P0CX51,P25368,P40055,P0CX55,P53276,Q04177,Q12220,P53914,P40079,P0CX35,Q04305,P33750,P0CX39,P53254,Q12136,Q12035,Q02931,P40546,P26786,P25586,P33442,P0CX47,Q3E7X9,Q05498,P32899,P47083,P48234,Q99207,Q08965,P0CX37,P39990,P53941,P38882,P34247,P0C0W1,P35997,Q06631,P15646,P05756,O13516,P26783,Q04500,Q12499,P40362,Q06512,P0CX31,P25635,Q99216,Q06078,P35194,Q06287,Q08096","Q12460,P42945,P38333,P36144,Q08492,Q06506,Q02354,Q06679,Q05946,P0CX29,P06367,P40470,P0CX51,P25368,P40055,P0CX55,P53276,Q04177,Q12220,P53914,P40079,P0CX35,Q04305,P33750,P0CX39,P53254,Q12136,Q12035,Q02931,P40546,P26786,P25586,P33442,P0CX47,Q3E7X9,Q05498,P32899,P47083,P48234,Q99207,Q08965,P0CX37,P39990,P53941,P38882,P34247,P0C0W1,P35997,Q06631,P15646,P05756,O13516,P26783,Q04500,Q12499,P40362,Q06512,P0CX31,P25635,Q99216,Q06078,P35194,Q06287,Q08096",0.418,0.97,0.01
"Cryo-EM structure of the 90S pre-ribosome from Saccharomyces cerevisiae, state Pre-A1",3.8,EMD-11359,6zqc,"Q12460,P42945,P38333,P36144,Q08492,Q06506,Q02354,Q06679,Q05946,Q05022,P0CX29,P06367,P40470,P0CX51,P25368,P40055,P0CX55,P53276,P53914,Q04177,Q12220,P0CX35,Q04305,P33750,P0CX39,P53254,Q12136,Q12035,Q02931,P40546,P26786,P25586,P33442,P0CX47,Q3E7X9,Q05498,P32899,P47083,P48234,Q99207,Q08965,P0CX37,P39990,P53941,P38882,P34247,P0C0W1,P35997,Q06631,P15646,P05756,O13516,P26783,Q04500,Q12499,P40362,Q06512,P0CX31,P25635,Q99216,Q06078,P35194,Q06287,Q08096","Q12460,P42945,P38333,P36144,Q08492,Q06506,Q02354,Q06679,Q05946,Q05022,P0CX29,P06367,P40470,P0CX51,P25368,P40055,P0CX55,P53276,P53914,Q04177,Q12220,P0CX35,Q04305,P33750,P0CX39,P53254,Q12136,Q12035,Q02931,P40546,P26786,P25586,P33442,P0CX47,Q3E7X9,Q05498,P32899,P47083,P48234,Q99207,Q08965,P0CX37,P39990,P53941,P38882,P34247,P0C0W1,P35997,Q06631,P15646,P05756,O13516,P26783,Q04500,Q12499,P40362,Q06512,P0CX31,P25635,Q99216,Q06078,P35194,Q06287,Q08096",0.41,0.963,0.01
"Cryo-EM structure of the human SSU processome, state pre-A1",3.6,EMD-23936,7mq8,"Q9H6R4,P08708,P62241,Q15269,P62081,Q9Y324,Q9UNX4,P62263,P42677,P62701,Q9NY61,Q9Y2X3,O00566,P62244,Q9NV06,P62753,Q9BVJ6,P62847,O75691,P62280,Q12788,Q9BSC4,Q9NV31,Q969X6,P62277,P55769,O15213,Q9NRX1,Q9NYH9,O00567,P62249,Q5QJE6,P62266,Q8IWA0,Q9NQZ2,Q13601,Q9Y3A2,Q8NDD1,Q15061,P62979,P46782,P22087,Q9H583,Q9UMY1,Q8TED0,Q8NEJ9,Q9Y3A4,Q92979,Q8NI36,Q9Y5J1,Q9Y2P8,Q13895,O43818,Q96G21,P61247,P25398,P62857,P46781,Q9H0A0","Q9H6R4,P08708,P62241,Q15269,P62081,Q9Y324,Q9UNX4,P62263,P42677,P62701,Q9NY61,Q9Y2X3,O00566,P62244,Q9NV06,P62753,Q9BVJ6,P62847,P62280,Q12788,Q9BSC4,Q9NV31,Q969X6,P62277,P55769,O15213,Q9NRX1,Q9NYH9,O00567,P62249,Q5QJE6,P62266,Q8IWA0,Q9NQZ2,Q13601,Q9Y3A2,Q8NDD1,Q15061,P62979,P46782,P22087,Q9H583,Q9UMY1,Q8TED0,Q8NEJ9,Q9Y3A4,Q92979,Q8NI36,Q9Y5J1,Q9Y2P8,Q13895,O43818,Q96G21,P61247,P25398,P62857,P46781,Q9H0A0",0.417,0.744,2.68
Cryo-EM structure of the human cap binding complex (CBC),3.38,EMD-40780,8suy,"Q09161,P52298","Q09161,P52298",0.43,0.64,0.07
Cryo-EM structure of the mRNA translating and degrading yeast 80S ribosome-Xrn1 nuclease complex,3.1,EMD-4474,6q8y,"P05738,P38011,P05740,Q3E757,P0CX29,P05749,P38061,Q02753,P0C2H8,P39939,P0CX51,P38701,P05737,P0CX55,P41057,P07280,P0CX33,P05750,P04456,P87262,P0CX35,A0A1L4AA68,Q12690,P0CX39,P04650,P04449,P05747,P14120,Q02326,P48589,P05745,Q08745,P26786,P0CX47,Q3E7X9,P49167,Q01855,P0CX87,P14126,P0CX49,P41805,P0CX84,Q3E792,P32905,P0CX41,P39516,P49166,P0CX37,P33442,P0CX45,P0CX27,P05744,P0C0W1,P25443,P35997,P0CX25,P22147,P0CX82,P26321,P10664,P05756,P36105,P05748,O13516,P0C2H6,P0C0V8,P05759,P17076,P02407,P05743,P0CH08,P02406,P0CX31,P26784,P0CX23","P05738,P38011,P05740,Q3E757,P0CX29,P05749,P38061,Q02753,P0C2H8,P39939,P0CX51,P38701,P05737,P0CX55,P41057,P07280,P0CX33,P05750,P04456,P87262,P0CX35,A0A1L4AA68,Q12690,P0CX39,P04650,P04449,P05747,P14120,Q02326,P48589,P05745,Q08745,P26786,P0CX47,Q3E7X9,P49167,Q01855,P0CX87,P14126,P0CX49,P41805,P0CX84,Q3E792,P32905,P0CX41,P39516,P49166,P0CX37,P33442,P0CX45,P0CX27,P05744,P0C0W1,P25443,P35997,P0CX25,P22147,P0CX82,P26321,P10664,P05756,P36105,P05748,O13516,P0C2H6,P0C0V8,P05759,P17076,P02407,P05743,P0CH08,P02406,P0CX31,P26784,P0CX23",0.484,0.877,0.04
"Cryo-EM structure of the yeast 80S ribosome with tigecycline, Not5 and P-site tRNA",3.0,EMD-36945,8k82,"P05317,P0CX51,P39939,P38701,P05737,P41057,P05750,P04650,P48589,P14120,Q08745,P49167,P0CX49,P0CX37,P0CX45,P0CX27,P05744,P05756,P05738,P06367,P0CX55,P07280,P87262,P05745,Q3E7X9,Q3E792,Q01855,P14126,P0CX84,P0CX43,P35997,P0CX82,P0C0V8,Q12514,P0C0W9,P02407,P0CX53,P0CX23,Q02326,P05740,P05749,Q02753,P0C2H8,P0CX35,P04456,P0CX39,P05747,P26786,P0CX47,P41805,P32905,P0CX41,P0CX86,P49166,P0CX25,P36105,O13516,P0C2H6,P05759,P17076,P05743,P0CH08,P0CX31,P02406,P26784,P38011,P0CX29,P38061,P0CX33,Q12690,P04449,P33442,P25443,P0C0W1,P26321,P10664,P05748,P26783","P05317,P0CX51,P39939,P38701,P05737,P41057,P05750,P04650,P48589,P14120,Q08745,P49167,P0CX49,P0CX37,P0CX45,P0CX27,P05744,P05756,P05738,P06367,P0CX55,P07280,P87262,P05745,Q3E7X9,Q3E792,Q01855,P14126,P0CX84,P0CX43,P35997,P0CX82,P0C0V8,Q12514,P0C0W9,P02407,P0CX53,P0CX23,Q02326,P05740,P05749,Q02753,P0C2H8,P0CX35,P04456,P0CX39,P05747,P26786,P0CX47,P41805,P32905,P0CX41,P0CX86,P49166,P0CX25,P36105,O13516,P0C2H6,P05759,P17076,P05743,P0CH08,P0CX31,P02406,P26784,P38011,P0CX29,P38061,P0CX33,Q12690,P04449,P33442,P25443,P0C0W1,P26321,P10664,P05748,P26783",0.453,0.933,0.01
"Cryo-EM structure of the yeast 80S ribosome with tigecycline, eEF2, Stm1 and eIF5A",3.2,EMD-36839,8k2d,"P05317,P0CX51,P39939,P38701,P05737,P41057,P05750,P04650,P48589,P14120,Q08745,P49167,P0CX49,P0CX37,P0CX45,P0CX27,P05744,P05756,P05738,P06367,P0CX55,P07280,P87262,P05745,Q3E7X9,Q3E792,Q01855,P14126,P0CX84,P0CX43,P35997,P0CX82,P0C0V8,P23301,P0C0W9,P02407,P0CX53,P0CX23,Q02326,P05740,P39015,P05749,Q02753,P0C2H8,P0CX35,P04456,P0CX39,P05747,P26786,P0CX47,P41805,P32905,P0CX41,P0CX86,P49166,P0CX25,P36105,O13516,P0C2H6,P05759,P17076,P05743,P0CH08,P0CX31,P02406,P26784,P38011,P0CX29,P38061,P0CX33,Q12690,P04449,P33442,P32324,P25443,P0C0W1,P26321,P10664,P05748,P26783","P05317,P0CX51,P39939,P38701,P05737,P41057,P05750,P04650,P48589,P14120,Q08745,P49167,P0CX49,P0CX37,P0CX45,P0CX27,P05744,P05756,P05738,P06367,P0CX55,P07280,P87262,P05745,Q3E7X9,Q3E792,Q01855,P14126,P0CX84,P0CX43,P35997,P0CX82,P0C0V8,P23301,P0C0W9,P02407,P0CX53,P0CX23,Q02326,P05740,P39015,P05749,Q02753,P0C2H8,P0CX35,P04456,P0CX39,P05747,P26786,P0CX47,P41805,P32905,P0CX41,P0CX86,P49166,P0CX25,P36105,O13516,P0C2H6,P05759,P17076,P05743,P0CH08,P0CX31,P02406,P26784,P38011,P0CX29,P38061,P0CX33,Q12690,P04449,P33442,P32324,P25443,P0C0W1,P26321,P10664,P05748,P26783",0.423,0.9,0.02
Cryo-EM structure of yeast Lso2 bound to 80S ribosomes under native condition,3.4,EMD-11096,6z6j,"P38011,P05738,P05740,P0CX29,P05749,Q02753,P38061,P06367,P0CX51,P39939,P0C2H8,P38701,P05737,P0CX55,P41057,P07280,P05750,P0CX33,P0CX35,P04456,P87262,Q3E772,Q12690,P0CX39,P04650,P04449,P48589,P05747,P14120,Q08745,P05745,P26786,P0CX23,P0CX47,P33442,Q3E792,Q01855,Q3E7X9,P14126,P41805,P0CX49,P32905,P0CX84,P49167,P0CX41,P0CX87,P49166,P0CX37,P25443,P0CX45,P0CX27,P05744,P0C0W1,P35997,P26321,P0CX82,P0CX25,P10664,P05756,P36105,O13516,P26783,P05748,P0C0V8,P05759,P0C2H6,P17076,P0C0W9,P02407,P05743,P0CH08,P0CX31,P02406,P26784,Q02326","P38011,P05738,P05740,P0CX29,P05749,Q02753,P38061,P06367,P0CX51,P39939,P0C2H8,P38701,P05737,P0CX55,P41057,P07280,P05750,P0CX33,P0CX35,P04456,P87262,Q3E772,Q12690,P0CX39,P04650,P04449,P48589,P05747,P14120,Q08745,P05745,P26786,P0CX23,P0CX47,P33442,Q3E792,Q01855,Q3E7X9,P14126,P41805,P0CX49,P32905,P0CX84,P49167,P0CX41,P0CX87,P49166,P0CX37,P25443,P0CX45,P0CX27,P05744,P0C0W1,P35997,P26321,P0CX82,P0CX25,P10664,P05756,P36105,O13516,P26783,P05748,P0C0V8,P05759,P0C2H6,P17076,P0C0W9,P02407,P05743,P0CH08,P0CX31,P02406,P26784,Q02326",0.482,0.725,0.1
Cryo-EM structure of yeast Rat1-bound Pol II pre-termination transcription complex 1 (Pol II Rat1-PTTC1),2.7,EMD-36162,8jch,"P34087,P27999,P53063,P20433,Q02792,P20435,P20436,P27692,P20434,P38902,P40422,P08518,P04050,P16370,P22139","P34087,P27999,P53063,P20433,Q02792,P20435,P20436,P27692,P20434,P38902,P40422,P08518,P04050,P16370,P22139",0.403,0.83,0.15
Cryo-EM structure of yeast reconstituted Lso2 bound to 80S ribosomes,3.4,EMD-11097,6z6k,"P38011,P05738,P05740,P0CX29,P05749,Q02753,P38061,P06367,P0CX51,P39939,P0C2H8,P38701,P05737,P0CX55,P41057,P07280,P05750,P0CX33,P0CX35,P04456,P87262,Q3E772,A0A1L4AA68,Q12690,P0CX39,P04650,P04449,P48589,P05747,P14120,Q08745,P05745,P26786,P0CX23,P0CX47,P33442,Q3E792,Q01855,Q3E7X9,P14126,P41805,P0CX49,P32905,P0CX84,P49167,P0CX41,P0CX86,P49166,P0CX37,P25443,P0CX45,P0CX27,P05744,P0C0W1,P35997,P26321,P0CX82,P0CX25,P10664,P05756,P36105,O13516,P05748,P0C2H6,P0C0V8,P05759,P17076,P0C0W9,P02407,P05743,P0CH08,P0CX31,P02406,P26784,Q02326","P38011,P05738,P05740,P0CX29,P05749,Q02753,P38061,P06367,P0CX51,P39939,P0C2H8,P38701,P05737,P0CX55,P41057,P07280,P05750,P0CX33,P0CX35,P04456,P87262,Q3E772,A0A1L4AA68,Q12690,P0CX39,P04650,P04449,P48589,P05747,P14120,Q08745,P05745,P26786,P0CX23,P0CX47,P33442,Q3E792,Q01855,Q3E7X9,P14126,P41805,P0CX49,P32905,P0CX84,P49167,P0CX41,P0CX86,P49166,P0CX37,P25443,P0CX45,P0CX27,P05744,P0C0W1,P35997,P26321,P0CX82,P0CX25,P10664,P05756,P36105,O13516,P05748,P0C2H6,P0C0V8,P05759,P17076,P0C0W9,P02407,P05743,P0CH08,P0CX31,P02406,P26784,Q02326",0.494,0.834,0.03
Cryo-EM structures of Lsg1-TAP pre-60S ribosomal particles,3.4,EMD-4630,6qt0,"P05738,P05740,P05749,Q02753,P38061,P0C2H8,Q06709,P05737,P04456,P87262,Q12690,P04650,P04449,Q02326,P05747,P14120,P05745,P49167,P0CX49,P14126,P41805,P26785,P0CX84,P0CX41,P49166,Q12522,P0CX45,P0CX27,P05744,P26321,P0CX82,P0CX25,P10664,P36105,P05748,P0C2H6,P17076,P0C0W9,P05743,P0CH08,P02406,P0CX23","P05738,P05740,P05749,Q02753,P38061,P0C2H8,Q06709,P05737,P04456,P87262,Q12690,P04650,P04449,Q02326,P05747,P14120,P05745,P49167,P0CX49,P14126,P41805,P26785,P0CX84,P0CX41,P49166,Q12522,P0CX45,P0CX27,P05744,P26321,P0CX82,P0CX25,P10664,P36105,P05748,P0C2H6,P17076,P0C0W9,P05743,P0CH08,P02406,P0CX23",0.513,0.808,0.07
Cryo-EM structures of Lsg1-TAP pre-60S ribosomal particles,3.3,EMD-4884,6ri5,"P05738,P05740,P05749,Q02753,P38061,P0C2H8,Q06709,P05737,P04456,P87262,Q12690,P04650,P04449,Q02326,P05747,P14120,P05745,P53145,P49167,P0CX49,P14126,P0CX84,P26785,P41805,P0CX41,P38861,P49166,Q12522,P0CX45,P0CX27,P05744,P26321,P0CX82,P0CX25,P10664,P36105,P05748,P0C2H6,P17076,P0C0W9,P05743,P0CH08,P02406,P0CX23","P05738,P05740,P05749,Q02753,P38061,P0C2H8,Q06709,P05737,P04456,P87262,Q12690,P04650,P04449,Q02326,P05747,P14120,P05745,P53145,P49167,P0CX49,P14126,P0CX84,P26785,P41805,P0CX41,P38861,P49166,Q12522,P0CX45,P0CX27,P05744,P26321,P0CX82,P0CX25,P10664,P36105,P05748,P0C2H6,P17076,P0C0W9,P05743,P0CH08,P02406,P0CX23",0.439,0.778,0.06
Cryo-EM structures of Lsg1-TAP pre-60S ribosomal particles,3.1,EMD-4560,6qik,"P05738,P05740,P05749,Q02753,P38061,P0C2H8,Q06709,P05737,P04456,P87262,Q12690,P04650,P04449,Q02326,P05747,P14120,P05745,P53145,P49167,P0CX49,P14126,P0CX84,P26785,P0CX41,P38861,P49166,Q12522,P0CX45,P0CX27,P05744,P26321,P0CX82,P0CX25,P10664,P36105,P05748,P0C2H6,P17076,P0C0W9,P05743,P0CH08,P02406,P0CX23","P05738,P05740,P05749,Q02753,P38061,P0C2H8,Q06709,P05737,P04456,P87262,Q12690,P04650,P04449,Q02326,P05747,P14120,P05745,P53145,P49167,P0CX49,P14126,P0CX84,P26785,P0CX41,P38861,P49166,Q12522,P0CX45,P0CX27,P05744,P26321,P0CX82,P0CX25,P10664,P36105,P05748,P0C2H6,P17076,P0C0W9,P05743,P0CH08,P02406,P0CX23",0.519,0.828,0.07
Cryo-EM structures of Lsg1-TAP pre-60S ribosomal particles,3.2,EMD-10068,6rzz,"P05738,P05740,P05749,Q02753,P38061,Q02256,P0C2H8,P05737,P04456,P87262,Q12690,P38344,P04650,P04449,Q02326,P05747,P14120,P05745,P53145,P49167,P0CX49,P14126,P0CX84,P26785,Q03862,P0CX41,P38861,P49166,Q12522,P0CX45,P0CX27,P05744,P26321,P0CX82,P0CX25,P10664,P36105,P05748,P0C2H6,P17076,P0C0W9,P05743,P02406,P0CX23","P05738,P05740,P05749,Q02753,P38061,Q02256,P0C2H8,P05737,P04456,P87262,Q12690,P38344,P04650,P04449,Q02326,P05747,P14120,P05745,P53145,P49167,P0CX49,P14126,P0CX84,P26785,Q03862,P0CX41,P38861,P49166,Q12522,P0CX45,P0CX27,P05744,P26321,P0CX82,P0CX25,P10664,P36105,P05748,P0C2H6,P17076,P0C0W9,P05743,P02406,P0CX23",0.53,0.832,0.07
Cryo-EM structures of Lsg1-TAP pre-60S ribosomal particles,3.9,EMD-10071,6s05,"P05738,P05740,P05749,Q02753,P38061,Q02256,P0C2H8,Q06709,P05737,P04456,P87262,Q12690,P04650,P04449,Q02326,P05747,P14120,P05745,P53145,P49167,P0CX49,P14126,P0CX84,P26785,P0CX41,P38861,P49166,Q12522,P0CX45,P0CX27,P05744,P26321,P0CX82,P0CX25,P10664,P36105,P05748,P0C2H6,P17076,P0C0W9,P05743,P02406,P0CX23","P05738,P05740,P05749,Q02753,P38061,Q02256,P0C2H8,Q06709,P05737,P04456,P87262,Q12690,P04650,P04449,Q02326,P05747,P14120,P05745,P53145,P49167,P0CX49,P14126,P0CX84,P26785,P0CX41,P38861,P49166,Q12522,P0CX45,P0CX27,P05744,P26321,P0CX82,P0CX25,P10664,P36105,P05748,P0C2H6,P17076,P0C0W9,P05743,P02406,P0CX23",0.432,0.742,0.08
"Cryo-Em structure of eukaryotic pre-60S ribosome subunit from Saccharomyces cerevisiae rpf2 delta 255-344 strain, C4 state.",3.2,EMD-30108,6m62,"P05738,P38779,P40078,Q08746,P05740,Q02892,P05749,Q02753,P38061,P0C2H8,P05737,P04456,P87262,P53927,Q12690,P04650,P33201,P14120,P05745,Q12080,P38202,P0CX23,P36160,P49167,P0CX49,P14126,Q03862,P0CX84,P0CX41,Q07915,P49166,P40693,Q12522,P0CX45,P53188,P05744,P25382,P26321,P0CX82,P53261,P0CX25,P53742,P10664,P36105,P05748,P0C2H6,P40010,P17076,P0C0W9,Q08004,P05743,P02406,P26784,Q02326","P05738,P38779,P40078,Q08746,P05740,Q02892,P05749,Q02753,P38061,P0C2H8,P05737,P04456,P87262,P53927,Q12690,P04650,P33201,P14120,P05745,Q12080,P38202,P0CX23,P36160,P49167,P0CX49,P14126,Q03862,P0CX84,P0CX41,Q07915,P49166,P40693,Q12522,P0CX45,P53188,P05744,P25382,P26321,P0CX82,P53261,P0CX25,P53742,P10664,P36105,P05748,P0C2H6,P40010,P17076,P0C0W9,Q08004,P05743,P02406,P26784,Q02326",0.489,0.748,0.02
"CryoEM structure of yeast 80S ribosome with Met-tRNAiMet, eIF5B, and GDP",2.9,EMD-21859,6woo,"P38011,P05740,Q3E757,P0CX29,P05749,Q02753,P38061,P05317,P0C2H8,P0CX51,P39939,P38701,P05737,P0CX55,P41057,P14127,P07280,P05750,P0CX33,P04456,P87262,P0CX35,A0A1L4AA68,Q12690,P0CX39,P04650,P04449,P05755,Q02326,P05747,P14120,P48589,P05745,Q08745,P26786,P0CX47,Q3E7X9,P49167,Q01855,P0CX49,P14126,P41805,P0CX84,P23248,Q3E792,P0CX41,P39516,P0CX43,P49166,P39730,P0CX37,P25443,P0CX45,P0CX27,P05744,P0C0W1,P26321,P0CX82,P0CX25,P35997,P46654,P51401,P10664,P05756,P36105,P05748,P0C2H6,P0C0V8,P05759,P17076,P05743,P0CH08,P02406,P0CX31,P26784,P0CX23","P38011,P05740,Q3E757,P0CX29,P05749,Q02753,P38061,P05317,P0C2H8,P0CX51,P39939,P38701,P05737,P0CX55,P41057,P14127,P07280,P05750,P0CX33,P04456,P87262,P0CX35,A0A1L4AA68,Q12690,P0CX39,P04650,P04449,P05755,Q02326,P05747,P14120,P48589,P05745,Q08745,P26786,P0CX47,Q3E7X9,P49167,Q01855,P0CX49,P14126,P41805,P0CX84,P23248,Q3E792,P0CX41,P39516,P0CX43,P49166,P39730,P0CX37,P25443,P0CX45,P0CX27,P05744,P0C0W1,P26321,P0CX82,P0CX25,P35997,P46654,P51401,P10664,P05756,P36105,P05748,P0C2H6,P0C0V8,P05759,P17076,P05743,P0CH08,P02406,P0CX31,P26784,P0CX23",0.487,0.667,0.042
Cycloheximide bound vacant 80S structure isolated from cbf5-D95A,3.05,EMD-24235,7n8b,"P05738,P38011,P05740,P39015,P0CX29,P05749,Q02753,P38061,P06367,P0C2H8,P0CX51,P39939,P38701,P05737,P0CX55,P41057,P07280,P05750,P0CX33,P04456,P87262,P0CX35,Q12690,P0CX39,P04650,P04449,Q02326,P05747,P14120,P48589,P05745,Q08745,P26786,P0CX47,P33442,P49167,Q01855,P0CX49,P14126,P41805,P0CX84,P32905,Q3E792,Q3E7X9,P0CX41,P0CX86,P49166,P0CX37,P25443,P0CX45,P0CX27,P05744,P0C0W1,P26321,P0CX82,P0CX25,P35997,P10664,P05756,P36105,P05748,P26783,P0C2H6,O13516,P0C0V8,P05759,P17076,P0C0W9,P02407,P05743,P0CH08,P02406,P0CX31,P26784,P0CX23","P05738,P38011,P05740,P39015,P0CX29,P05749,Q02753,P38061,P06367,P0C2H8,P0CX51,P39939,P38701,P05737,P0CX55,P41057,P07280,P05750,P0CX33,P04456,P87262,P0CX35,Q12690,P0CX39,P04650,P04449,Q02326,P05747,P14120,P48589,P05745,Q08745,P26786,P0CX47,P33442,P49167,Q01855,P0CX49,P14126,P41805,P0CX84,P32905,Q3E792,Q3E7X9,P0CX41,P0CX86,P49166,P0CX37,P25443,P0CX45,P0CX27,P05744,P0C0W1,P26321,P0CX82,P0CX25,P35997,P10664,P05756,P36105,P05748,P26783,P0C2H6,O13516,P0C0V8,P05759,P17076,P0C0W9,P02407,P05743,P0CH08,P02406,P0CX31,P26784,P0CX23",0.57,0.94,0.02
Eukaryotic 80S ribosome with Reh1 and A/P site tRNA,3.13,EMD-42540,8uti,"P38011,P05738,P05740,P0CX29,P05749,Q02753,P38061,P06367,A0A6A5PRT8,P0CX51,P0C2H8,P05737,P0CX55,P41057,P07280,P0CX33,P0CX35,P04456,P87262,P39938,Q12690,P04650,P48589,A0A6A5PUZ5,P05747,P14120,Q08745,P05745,A0A6A5PY83,P26786,P0CX47,Q3E7X9,A0A8H4C0K3,P49167,P0CX49,P05739,A0A6A5Q0W8,P0CX84,P32905,A0A6A5Q3Q1,P0CX41,P0CX86,P49166,A0A6A5PWF7,P0CX37,P0CX45,P0CX27,P05744,P0C0W1,P35997,P0CX82,P0CX25,A0A6A5Q627,P10664,P05756,A0A6A5PRY4,O13516,P26783,A0A6A5PZ18,P0C0V8,P36105,P05748,P0C2H6,A0A6A5Q1H1,P0C0W9,P02407,A0A6A5PVE9,P05743,A0A6A5Q6F2,P0CH08,P0CX31,P02406,A0A6A5PU37,P26784,P0CX23","P38011,P05738,P05740,P0CX29,P05749,Q02753,P38061,P06367,A0A6A5PRT8,P0CX51,P0C2H8,P05737,P0CX55,P41057,P07280,P0CX33,P0CX35,P04456,P87262,P39938,Q12690,P04650,P48589,A0A6A5PUZ5,P05747,P14120,Q08745,P05745,A0A6A5PY83,P26786,P0CX47,Q3E7X9,P49167,P0CX49,P05739,A0A6A5Q0W8,P0CX84,P32905,A0A6A5Q3Q1,P0CX41,P0CX86,P49166,A0A6A5PWF7,P0CX37,P0CX45,P0CX27,P05744,P0C0W1,P35997,P0CX82,P0CX25,A0A6A5Q627,P10664,P05756,A0A6A5PRY4,O13516,P26783,A0A6A5PZ18,P0C0V8,P36105,P05748,P0C2H6,A0A6A5Q1H1,P0C0W9,P02407,A0A6A5PVE9,P05743,A0A6A5Q6F2,P0CH08,P0CX31,P02406,A0A6A5PU37,P26784,P0CX23",0.481,0.858,0.0875
"Eukaryotic 80S ribosome with Reh1, eIF5A and A/P site tRNA",3.22,EMD-42525,8ut0,"P0CX51,P05737,P41057,P04650,P48589,P14120,Q08745,P49167,P0CX49,P05739,A0A6A5PWF7,P0CX37,P0CX45,P0CX27,P05744,P05756,P05738,P06367,A0A6A5PRT8,P0CX55,P07280,P87262,A0A6A5PUZ5,P05745,A0A6A5PY83,Q3E7X9,P0CX84,A0A6A5Q0W8,A0A6A5Q3Q1,A0A8H8ULI0,P35997,P0CX82,P0C0V8,P0C0W9,P02407,A0A6A5PVE9,A0A6A5Q6F2,P0CX23,P05740,P05749,Q02753,P0C2H8,A0A0J9X221,P0CX35,P04456,P05747,P26786,P0CX47,P32905,P0CX41,P0CX86,P49166,P0CX25,A0A6A5PRY4,P36105,O13516,A0A6A5PZ18,P0C2H6,P05743,P0CH08,P0CX31,P02406,P26784,P38011,P0CX29,P38061,P0CX33,P39938,Q12690,A0A8H4C0K3,P0C0W1,P26321,A0A6A5Q627,P10664,P05748,P26783,A0A6A5PU37","P38011,P05738,P05740,P0CX29,P05749,Q02753,P38061,P06367,P0CX51,P0C2H8,A0A6A5PRT8,P05737,P0CX55,P41057,P07280,A0A0J9X221,P0CX33,P0CX35,P04456,P87262,P39938,Q12690,P04650,P48589,A0A6A5PUZ5,P05747,P14120,Q08745,P05745,A0A6A5PY83,P26786,P0CX47,Q3E7X9,P49167,P0CX49,P05739,A0A6A5Q0W8,P0CX84,P32905,A0A6A5Q3Q1,P0CX41,P0CX86,P49166,A0A6A5PWF7,P0CX37,P0CX45,P0CX27,P05744,P0C0W1,P35997,P0CX82,P0CX25,P26321,A0A6A5Q627,P10664,P05756,A0A6A5PRY4,O13516,P26783,A0A6A5PZ18,P0C0V8,P36105,P05748,P0C2H6,P0C0W9,P02407,A0A6A5PVE9,P05743,A0A6A5Q6F2,P0CH08,P0CX31,P02406,A0A6A5PU37,P26784,P0CX23",0.473,0.853,0.0875
FAP-80S Complex - Rotated state,2.4,EMD-14990,7zw0,"P0CX51,P38701,P0CX38,P05737,P41057,P05750,P04650,P48589,P14120,Q08745,P49167,A0A8H4BXZ5,P0CX49,P05739,P0CX45,P0CX27,P05744,P05756,P05738,P06367,P0CX55,P07280,P87262,P05745,Q3E7X9,Q3E792,Q01855,P14126,P0CX84,P0CX43,P35997,P0CX82,P0C0V8,P0C0W9,P02407,P0CX23,P05740,P20081,P05749,Q02753,P0C2H8,P40449,P04456,P0CX39,P05747,P26786,P0CX47,P41805,P32905,P0CX41,P0CX86,P49166,P0CX25,P36105,O13516,P0C2H6,P05759,P17076,P0CX36,P05743,P0CH08,P0CX31,P02406,P26784,P38011,P0CX29,P38061,P0CX33,P39938,Q12690,P04449,P33442,P25443,P0C0W1,P26321,P10664,P05748,P26783","P0CX51,P38701,P0CX38,P05737,P41057,P05750,P04650,P48589,P14120,Q08745,P49167,P0CX49,P05739,P0CX45,P0CX27,P05744,P05756,P05738,P06367,P0CX55,P07280,P87262,P05745,Q3E7X9,Q3E792,Q01855,P14126,P0CX84,P0CX43,P35997,P0CX82,P0C0V8,P0C0W9,P02407,P0CX23,P05740,P20081,P05749,Q02753,P0C2H8,P40449,P04456,P0CX39,P05747,P26786,P0CX47,P41805,P32905,P0CX41,P0CX86,P49166,P0CX25,P36105,O13516,P0C2H6,P05759,P17076,P0CX36,P05743,P0CH08,P0CX31,P02406,P26784,P38011,P0CX29,P38061,P0CX33,P39938,Q12690,P04449,P33442,P25443,P0C0W1,P26321,P10664,P05748,P26783",0.603,0.967,2.0
Human 17S U2 snRNP 5' domain core,2.21,EMD-13793,7q3l,"Q12874,Q15393,O43719,Q7L014,O75533,Q9BWJ5,Q13435,Q7RTV0","Q12874,Q15393,O43719,Q7L014,O75533,Q9BWJ5,Q13435,Q7RTV0",0.479,0.686,0.0062
Human C Complex Spliceosome - High-resolution CORE,3.4,EMD-11569,6zym,"Q9NXE8,Q9ULR0,Q9UQ35,Q13573,Q9NW64,Q9BW85,Q6P2Q9,Q14331,Q9HCG8,Q92620,Q9P013,Q9NW82,Q15029,Q99459,Q9Y3C6,O43660,Q96DI7,Q9BZJ0,P41223,Q86X95,O60508","Q9NXE8,Q9ULR0,Q13573,Q9NW64,Q9BW85,Q6P2Q9,Q14331,Q9HCG8,Q92620,Q9P013,Q9NW82,Q15029,Q99459,Q9Y3C6,O43660,Q96DI7,Q9BZJ0,P41223,Q86X95,O60508",0.498,0.924,0.025
Human Nuclear Exosome Targeting (NEXT) complex bound to RNA (substrate 2),3.62,EMD-24883,7s7c,"Q6NZY4,P42285,Q9Y580","Q6NZY4,P42285,Q9Y580",0.449,0.727,8.0
"Human m6A-METTL associated complex (WTAP, VIRMA, and HAKAI)",3.0,EMD-31947,7vf5,"Q69YN4,Q15007","Q69YN4,Q15007",0.448,0.747,0.36
Human nuclear exosome-MTR4 RNA complex - overall reconstruction,3.45,EMD-7808,6d6q,"Q5RKV6,Q96B26,Q9Y3B2,Q99547,Q9Y2L1,Q01780,Q9NQT5,Q13868,Q9NPD3,Q06265,Q9NQT4,P42285,Q15024","Q5RKV6,Q96B26,Q9Y3B2,Q99547,Q9Y2L1,Q01780,Q9NQT5,Q13868,Q9NPD3,Q06265,Q9NQT4,P42285,Q15024",0.413,0.598,0.025
"Hypomethylated yeast 80S bound with Taura syndrome virus (TSV) internal ribosome entry site (IRES), eEF2, GDP, and sordarin, Structure III",2.95,EMD-41000,8t3d,"P38011,P05738,P05740,A0A6A5Q7I9,P0CX29,P05749,Q02753,P06367,A0A6A5PWR1,A0A6A5PSE9,P0CX51,A0A6A5Q8I3,P0C2H8,P05737,P0CX55,P07280,P0CX33,P0CX35,P04456,P87262,A0A1L4AA68,Q12690,P0CX39,P04650,A0A6A5Q2N7,P14120,Q08745,A0A6A5Q3W0,A0A6A5PY83,B3LMD0,A0A6A5Q1M9,P26786,P05745,P0CX47,A0A6A5PV92,P14126,P0CX49,A0A6A5Q0W8,P0CX84,P32905,A0A6A5Q0E8,A0A6A5PUL8,A0A6A5Q3Q1,P0CX41,P0CX86,P32324,P49166,A0A6A5PWF7,P0CX37,P0CX45,P0CX27,P05744,A0A6A5Q700,P35997,P0CX82,P0CX25,P05756,A0A6A5PRY4,O13516,P36105,A0A6A5PZ18,P0C0V8,P05748,P0C2H6,P17076,P02407,A0A6A5PVE9,P05743,A0A6A5Q6F2,P0CH08,P0CX31,P02406,A0A6A5PU37,P26784,Q02326","P38011,P05738,P05740,A0A6A5Q7I9,P0CX29,P05749,Q02753,P06367,A0A6A5PWR1,A0A6A5PSE9,P0CX51,A0A6A5Q8I3,P0C2H8,P05737,P0CX55,P07280,P0CX33,P0CX35,P04456,P87262,A0A1L4AA68,Q12690,P0CX39,P04650,A0A6A5Q2N7,P14120,Q08745,A0A6A5Q3W0,A0A6A5PY83,B3LMD0,A0A6A5Q1M9,P26786,P05745,P0CX47,A0A6A5PV92,P14126,P0CX49,A0A6A5Q0W8,P0CX84,P32905,A0A6A5Q0E8,A0A6A5PUL8,A0A6A5Q3Q1,P0CX41,P0CX86,P32324,P49166,A0A6A5PWF7,P0CX37,P0CX45,P0CX27,P05744,A0A6A5Q700,P35997,P0CX82,P0CX25,P05756,A0A6A5PRY4,O13516,P36105,A0A6A5PZ18,P0C0V8,P05748,P0C2H6,P17076,P02407,A0A6A5PVE9,P05743,A0A6A5Q6F2,P0CH08,P0CX31,P02406,A0A6A5PU37,P26784,Q02326",0.465,0.809,0.3
"Hypomethylated yeast 80S bound with Taura syndrome virus (TSV) internal ribosome entry site (IRES), eEF2, GDP, sordarin, and hibernating factor Los2",2.86,EMD-40997,8t3a,"P38011,P05738,P05740,A0A6A5Q7I9,A0A8H4C1T8,P0CX29,P05749,Q02753,P06367,A0A6A5PWR1,A0A6A5PSE9,P0CX51,A0A6A5Q8I3,P0C2H8,P05737,P0CX55,P07280,P0CX33,P0CX35,P04456,P87262,A0A1L4AA68,Q12690,P0CX39,P04650,A0A6A5Q2N7,P14120,Q08745,A0A6A5Q3W0,A0A6A5PY83,B3LMD0,A0A6A5Q1M9,P26786,P05745,P0CX47,A0A6A5PV92,P14126,P0CX49,A0A6A5Q0W8,P0CX84,P32905,A0A6A5Q0E8,A0A6A5PUL8,A0A6A5Q3Q1,P0CX41,P0CX86,P32324,P49166,A0A6A5PWF7,P0CX37,P0CX45,P0CX27,P05744,A0A6A5Q700,P35997,P0CX82,P0CX25,P05756,A0A6A5PRY4,O13516,P36105,A0A6A5PZ18,P0C0V8,P05748,P0C2H6,P17076,P02407,A0A6A5PVE9,P05743,A0A6A5Q6F2,P0CH08,P0CX31,P02406,A0A6A5PU37,P26784,Q02326","P38011,P05738,P05740,A0A6A5Q7I9,P0CX29,P05749,Q02753,P06367,A0A6A5PWR1,A0A6A5PSE9,P0CX51,A0A6A5Q8I3,P0C2H8,P05737,P0CX55,P07280,P0CX33,P0CX35,P04456,P87262,A0A1L4AA68,Q12690,P0CX39,P04650,A0A6A5Q2N7,P14120,Q08745,A0A6A5Q3W0,A0A6A5PY83,B3LMD0,A0A6A5Q1M9,P26786,P05745,P0CX47,A0A6A5PV92,P14126,P0CX49,A0A6A5Q0W8,P0CX84,P32905,A0A6A5Q0E8,A0A6A5PUL8,A0A6A5Q3Q1,P0CX41,P0CX86,P32324,P49166,A0A6A5PWF7,P0CX37,P0CX45,P0CX27,P05744,A0A6A5Q700,P35997,P0CX82,P0CX25,P05756,A0A6A5PRY4,O13516,P36105,A0A6A5PZ18,P0C0V8,P05748,P0C2H6,P17076,P02407,A0A6A5PVE9,P05743,A0A6A5Q6F2,P0CH08,P0CX31,P02406,A0A6A5PU37,P26784,Q02326",0.451,0.786,0.3
"Hypomethylated yeast 80S bound with cycloheximide, P-site tRNA, A-site tRNA, messenger RNA and eIF5A, PRE",2.46,EMD-40990,8t2x,"P38011,P05738,P05740,A0A6A5Q7I9,P0CX29,P05749,Q02753,P06367,A0A6A5PWR1,A0A6A5PSE9,P0CX51,A0A6A5Q8I3,P0C2H8,P05737,P0CX55,P07280,P0CX33,P0CX35,P04456,P87262,A0A1L4AA68,Q12690,P0CX39,P04650,A0A6A5Q2N7,A0A6A5PUZ5,P14120,Q08745,A0A6A5Q3W0,A0A6A5PY83,B3LMD0,A0A6A5Q1M9,P26786,P05745,P0CX47,A0A6A5PV92,P14126,P0CX49,A0A6A5Q0W8,P0CX84,P32905,A0A6A5Q0E8,A0A6A5PUL8,A0A6A5Q3Q1,P0CX41,P0CX86,P49166,A0A6A5PWF7,A0A8H8ULI0,P0CX37,P0CX45,P0CX27,P05744,A0A6A5Q700,P35997,P0CX82,P0CX25,P05756,A0A6A5PRY4,O13516,P36105,A0A6A5PZ18,P0C0V8,P05748,P0C2H6,P17076,P02407,A0A6A5PVE9,P05743,A0A6A5Q6F2,P0CH08,P0CX31,P02406,A0A6A5PU37,P26784,Q02326","P38011,P05738,P05740,A0A6A5Q7I9,P0CX29,P05749,Q02753,P06367,A0A6A5PWR1,A0A6A5PSE9,P0CX51,A0A6A5Q8I3,P0C2H8,P05737,P0CX55,P07280,P0CX33,P0CX35,P04456,P87262,A0A1L4AA68,Q12690,P0CX39,P04650,A0A6A5Q2N7,A0A6A5PUZ5,P14120,Q08745,A0A6A5Q3W0,A0A6A5PY83,B3LMD0,A0A6A5Q1M9,P26786,P05745,P0CX47,A0A6A5PV92,P14126,P0CX49,A0A6A5Q0W8,P0CX84,P32905,A0A6A5Q0E8,A0A6A5PUL8,A0A6A5Q3Q1,P0CX41,P0CX86,P49166,A0A6A5PWF7,P0CX37,P0CX45,P0CX27,P05744,A0A6A5Q700,P35997,P0CX82,P0CX25,P05756,A0A6A5PRY4,O13516,P36105,A0A6A5PZ18,P0C0V8,P05748,P0C2H6,P17076,P02407,A0A6A5PVE9,P05743,A0A6A5Q6F2,P0CH08,P0CX31,P02406,A0A6A5PU37,P26784,Q02326",0.559,0.855,0.7
"Hypomethylated yeast 80S bound with cycloheximide, P-site tRNA, and A-site tRNA, messenger RNA, PRE",2.2,EMD-40991,8t2y,"P38011,P05738,P05740,A0A6A5Q7I9,P0CX29,P05749,Q02753,P06367,A0A6A5PWR1,A0A6A5PSE9,P0CX51,A0A6A5Q8I3,P0C2H8,P05737,P0CX55,P07280,P0CX33,P0CX35,P04456,P87262,A0A1L4AA68,Q12690,P0CX39,P04650,A0A6A5PUZ5,P14120,Q08745,A0A6A5Q3W0,A0A6A5PY83,B3LMD0,A0A6A5Q1M9,P26786,P05745,P0CX47,A0A6A5PV92,P14126,P0CX49,A0A6A5Q0W8,P0CX84,P32905,A0A6A5Q0E8,A0A6A5PUL8,A0A6A5Q3Q1,P0CX41,P0CX86,P49166,A0A6A5PWF7,P0CX37,P0CX45,P0CX27,P05744,A0A6A5Q700,P35997,P0CX82,P0CX25,P05756,A0A6A5PRY4,O13516,P36105,A0A6A5PZ18,P0C0V8,P05748,P0C2H6,P17076,P02407,A0A6A5PVE9,P05743,A0A6A5Q6F2,P0CH08,P0CX31,P02406,A0A6A5PU37,P26784,Q02326","P38011,P05738,P05740,A0A6A5Q7I9,P0CX29,P05749,Q02753,P06367,A0A6A5PWR1,A0A6A5PSE9,P0CX51,A0A6A5Q8I3,P0C2H8,P05737,P0CX55,P07280,P0CX33,P0CX35,P04456,P87262,A0A1L4AA68,Q12690,P0CX39,P04650,A0A6A5PUZ5,P14120,Q08745,A0A6A5Q3W0,A0A6A5PY83,B3LMD0,A0A6A5Q1M9,P26786,P05745,P0CX47,A0A6A5PV92,P14126,P0CX49,A0A6A5Q0W8,P0CX84,P32905,A0A6A5Q0E8,A0A6A5PUL8,A0A6A5Q3Q1,P0CX41,P0CX86,P49166,A0A6A5PWF7,P0CX37,P0CX45,P0CX27,P05744,A0A6A5Q700,P35997,P0CX82,P0CX25,P05756,A0A6A5PRY4,O13516,P36105,A0A6A5PZ18,P0C0V8,P05748,P0C2H6,P17076,P02407,A0A6A5PVE9,P05743,A0A6A5Q6F2,P0CH08,P0CX31,P02406,A0A6A5PU37,P26784,Q02326",0.615,0.884,0.7
Hypopseudouridylated yeast 80S bound with Taura syndrome virus (TSV) internal ribosome entry site (IRES) refined against a composite map,2.2,EMD-28636,8evt,"P38011,P05738,P05740,A0A6A5Q7I9,P0CX29,P05749,Q02753,P06367,A0A6A5PWR1,A0A6A5PSE9,P0CX51,A0A6A5Q8I3,P0C2H8,P05737,P0CX55,P07280,P0CX33,P0CX35,P04456,P87262,A0A1L4AA68,Q12690,P0CX39,P04650,A0A6A5Q2N7,A0A6A5PUZ5,P14120,Q08745,A0A6A5Q3W0,A0A6A5PY83,B3LMD0,A0A6A5Q1M9,P26786,P05745,P0CX47,A0A6A5PV92,P14126,P0CX49,A0A6A5Q0W8,P0CX84,P32905,A0A6A5Q0E8,A0A6A5PUL8,A0A6A5Q3Q1,P0CX41,P0CX86,P49166,A0A6A5PWF7,P0CX37,P0CX45,P0CX27,P05744,A0A6A5Q700,P35997,P0CX82,P0CX25,P05756,A0A6A5PRY4,O13516,P36105,A0A6A5PZ18,P0C0V8,P05748,P0C2H6,P17076,P02407,A0A6A5PVE9,P05743,A0A6A5Q6F2,P0CH08,P0CX31,P02406,A0A6A5PU37,P26784,Q02326","P38011,P05738,P05740,A0A6A5Q7I9,P0CX29,P05749,Q02753,P06367,A0A6A5PWR1,A0A6A5PSE9,P0CX51,A0A6A5Q8I3,P0C2H8,P05737,P0CX55,P07280,P0CX33,P0CX35,P04456,P87262,A0A1L4AA68,Q12690,P0CX39,P04650,A0A6A5Q2N7,A0A6A5PUZ5,P14120,Q08745,A0A6A5Q3W0,A0A6A5PY83,B3LMD0,A0A6A5Q1M9,P26786,P05745,P0CX47,A0A6A5PV92,P14126,P0CX49,A0A6A5Q0W8,P0CX84,P32905,A0A6A5Q0E8,A0A6A5PUL8,A0A6A5Q3Q1,P0CX41,P0CX86,P49166,A0A6A5PWF7,P0CX37,P0CX45,P0CX27,P05744,A0A6A5Q700,P35997,P0CX82,P0CX25,P05756,A0A6A5PRY4,O13516,P36105,A0A6A5PZ18,P0C0V8,P05748,P0C2H6,P17076,P02407,A0A6A5PVE9,P05743,A0A6A5Q6F2,P0CH08,P0CX31,P02406,A0A6A5PU37,P26784,Q02326",0.626,0.839,1.1
"Hypopseudouridylated yeast 80S bound with Taura syndrome virus (TSV) internal ribosome entry site (IRES), Structure I",2.38,EMD-28632,8evp,"P38011,P05738,P05740,A0A6A5Q7I9,P05749,Q02753,P06367,A0A6A5PWR1,A0A6A5PSE9,P0CX51,A0A6A5Q8I3,P0C2H8,P05737,P0CX55,P07280,P0CX33,P0CX35,P04456,P87262,A0A1L4AA68,Q12690,P0CX39,P04650,A0A6A5Q2N7,A0A6A5PUZ5,P14120,Q08745,A0A6A5Q3W0,A0A6A5PY83,B3LMD0,A0A6A5Q1M9,P26786,P05745,P0CX47,A0A6A5PV92,P14126,P0CX49,A0A6A5Q0W8,P0CX84,P32905,A0A6A5Q0E8,A0A6A5PUL8,A0A6A5Q3Q1,P0CX41,P0CX86,P49166,A0A6A5PWF7,P0CX37,P0CX45,P0CX27,P05744,A0A6A5Q700,P35997,P0CX82,P0CX25,P0CY39,P05756,A0A6A5PRY4,O13516,P36105,A0A6A5PZ18,P0C0V8,P05748,P0C2H6,P17076,P02407,A0A6A5PVE9,P05743,A0A6A5Q6F2,P0CH08,P0CX31,P02406,A0A6A5PU37,P26784,Q02326","P38011,P05738,P05740,A0A6A5Q7I9,P05749,Q02753,P06367,A0A6A5PWR1,A0A6A5PSE9,P0CX51,A0A6A5Q8I3,P0C2H8,P05737,P0CX55,P07280,P0CX33,P0CX35,P04456,P87262,A0A1L4AA68,Q12690,P0CX39,P04650,A0A6A5Q2N7,A0A6A5PUZ5,P14120,Q08745,A0A6A5Q3W0,A0A6A5PY83,B3LMD0,A0A6A5Q1M9,P26786,P05745,P0CX47,A0A6A5PV92,P14126,P0CX49,A0A6A5Q0W8,P0CX84,P32905,A0A6A5Q0E8,A0A6A5PUL8,A0A6A5Q3Q1,P0CX41,P0CX86,P49166,A0A6A5PWF7,P0CX37,P0CX45,P0CX27,P05744,A0A6A5Q700,P35997,P0CX82,P0CX25,P0CY39,P05756,A0A6A5PRY4,O13516,P36105,A0A6A5PZ18,P0C0V8,P05748,P0C2H6,P17076,P02407,A0A6A5PVE9,P05743,A0A6A5Q6F2,P0CH08,P0CX31,P02406,A0A6A5PU37,P26784,Q02326",0.565,0.875,0.6
"Hypopseudouridylated yeast 80S bound with Taura syndrome virus (TSV) internal ribosome entry site (IRES), eEF2 and GDP, Structure II",2.62,EMD-28635,8evs,"A0A6A5Q7I9,P05317,P0CX51,P05737,A0A6A5Q2N7,P04650,P14120,Q08745,A0A6A5Q3W0,A0A6A5PV92,P0CX49,A0A6A5Q0E8,A0A6A5PWF7,P0CX37,P0CX45,P0CX27,P05744,P05756,P05738,P06367,A0A6A5PWR1,P0CX55,P07280,P87262,A0A1L4AA68,A0A6A5PUZ5,P05745,A0A6A5PY83,P14126,P0CX84,A0A6A5Q0W8,A0A6A5Q3Q1,A0A6A5Q700,P35997,P0CX82,P0C0V8,P02407,A0A6A5PVE9,A0A6A5Q6F2,Q02326,P05740,P05749,Q02753,A0A6A5PSE9,P0C2H8,A0A6A5Q8I3,P0CX35,P04456,P0CX39,B3LMD0,A0A6A5Q1M9,P26786,P0CX47,P32905,P0CX41,P0CX86,P49166,P0CX25,A0A6A5PRY4,P36105,O13516,A0A6A5PZ18,P0C2H6,P17076,P05743,P0CH08,P0CX31,P02406,P26784,P38011,P0CX29,P0CX33,Q12690,A0A6A5PUL8,P32324,P05748,A0A6A5PU37","A0A6A5Q7I9,P05317,P0CX51,P05737,A0A6A5Q2N7,P04650,P14120,Q08745,A0A6A5Q3W0,A0A6A5PV92,P0CX49,A0A6A5Q0E8,A0A6A5PWF7,P0CX37,P0CX45,P0CX27,P05744,P05756,P05738,P06367,A0A6A5PWR1,P0CX55,P07280,P87262,A0A1L4AA68,A0A6A5PUZ5,P05745,A0A6A5PY83,P14126,P0CX84,A0A6A5Q0W8,A0A6A5Q3Q1,A0A6A5Q700,P35997,P0CX82,P0C0V8,P02407,A0A6A5PVE9,A0A6A5Q6F2,Q02326,P05740,P05749,Q02753,A0A6A5PSE9,P0C2H8,A0A6A5Q8I3,P0CX35,P04456,P0CX39,B3LMD0,A0A6A5Q1M9,P26786,P0CX47,P32905,P0CX41,P0CX86,P49166,P0CX25,A0A6A5PRY4,P36105,O13516,A0A6A5PZ18,P0C2H6,P17076,P05743,P0CH08,P0CX31,P02406,P26784,P38011,P0CX29,P0CX33,Q12690,A0A6A5PUL8,P32324,P05748,A0A6A5PU37",0.513,0.813,0.6
Mouse RPL39 integrated into the yeast 60S ribosomal subunit,2.15,EMD-17550,8p8n,"P05738,P05740,P05749,Q02753,P38061,P0C2H8,P05737,P04456,P87262,Q12690,P04449,P05747,P14120,Q02326,P05745,P49167,P0CX49,P14126,P41805,P0CX84,P0CX41,P49166,P62892,P0CX45,P0CX27,P05744,P26321,P0CX25,P0CX82,P10664,P36105,P05748,P0C2H6,P17076,P0C0W9,P05743,P0CH08,P02406,P26784,P0CX23","P05738,P05740,P05749,Q02753,P38061,P0C2H8,P05737,P04456,P87262,Q12690,P04449,P05747,P14120,Q02326,P05745,P49167,P0CX49,P14126,P41805,P0CX84,P0CX41,P49166,P62892,P0CX45,P0CX27,P05744,P26321,P0CX25,P0CX82,P10664,P36105,P05748,P0C2H6,P17076,P0C0W9,P05743,P0CH08,P02406,P26784,P0CX23",0.665,0.897,0.3
Mouse RPL39L integrated into the yeast 60S ribosomal subunit,2.15,EMD-17653,8pfr,"P05738,P05740,P05749,P38061,Q02753,P0C2H8,P05737,P04456,P87262,Q12690,P04449,P05747,P14120,P05745,P0CX23,Q9CQD0,P49167,P14126,P0CX84,P41805,P0CX49,P0CX41,P49166,P0CX45,P0CX27,P05744,P26321,P0CX25,P0CX82,P10664,P36105,P05748,P0C2H6,P17076,P0C0W9,P05743,P0CH08,P02406,P26784,Q02326","P05738,P05740,P05749,P38061,Q02753,P0C2H8,P05737,P04456,P87262,Q12690,P04449,P05747,P14120,P05745,P0CX23,Q9CQD0,P49167,P14126,P0CX84,P41805,P0CX49,P0CX41,P49166,P0CX45,P0CX27,P05744,P26321,P0CX25,P0CX82,P10664,P36105,P05748,P0C2H6,P17076,P0C0W9,P05743,P0CH08,P02406,P26784,Q02326",0.675,0.922,0.3
NPC-trapped pre-60S particle,2.64,EMD-34725,8hfr,"P05738,P40078,P05740,Q02892,P05749,P38061,Q02753,P0C2H8,P34232,P05737,P04456,P87262,Q12690,P04650,P05747,P14120,P33201,P47019,P05745,P38202,P0CX23,P49167,P14126,P0CX84,Q03862,P0CX49,P0CX41,P38861,Q07915,P49166,P0CX43,Q12522,P39715,P0CX45,P0CX27,P05744,P26321,P0CX82,P0CX25,P53742,P10664,P36105,P05748,P0C2H6,Q99257,P17076,P0C0W9,P05743,Q08687,Q08004,P02406,P26784,P0CX53,Q02326","P05738,P40078,P05740,Q02892,P05749,P38061,Q02753,P0C2H8,P34232,P05737,P04456,P87262,Q12690,P04650,P05747,P14120,P33201,P47019,P05745,P38202,P0CX23,P49167,P14126,P0CX84,Q03862,P0CX49,P0CX41,P38861,Q07915,P49166,P0CX43,Q12522,P39715,P0CX45,P0CX27,P05744,P26321,P0CX82,P0CX25,P53742,P10664,P36105,P05748,P0C2H6,Q99257,P17076,P0C0W9,P05743,Q08687,Q08004,P02406,P26784,P0CX53,Q02326",0.574,0.888,0.12
"Nmd3 is a structural mimic of eIF5A, and activates the cpGTPase Lsg1 during 60S ribosome biogenesis: 60S-Nmd3-Tif6-Lsg1 Complex",3.1,EMD-8362,5t62,"P05738,P05740,P05749,Q02753,P38061,P0C2H8,P05737,P04456,P87262,Q12690,P04650,P04449,Q02326,P05747,P14120,P05745,P53145,P49167,P0CX49,P14126,P41805,P0CX84,P0CX41,P38861,P49166,Q12522,P0CX45,P0CX27,P05744,P26321,P0CX82,P0CX25,P10664,P36105,P05748,P0C2H6,P17076,P0C0W9,P05743,P0CH08,P02406,P26784,P0CX23","P05738,P05740,P05749,Q02753,P38061,P0C2H8,P05737,P04456,P87262,Q12690,P04650,P04449,Q02326,P05747,P14120,P05745,P53145,P49167,P0CX49,P14126,P41805,P0CX84,P0CX41,P38861,P49166,Q12522,P0CX45,P0CX27,P05744,P26321,P0CX82,P0CX25,P10664,P36105,P05748,P0C2H6,P17076,P0C0W9,P05743,P0CH08,P02406,P26784,P0CX23",0.477,0.913,0.0225
Nog1-TAP associated immature ribosomal particle population A from S. cerevisiae,3.1,EMD-12866,7of1,"P05738,P40078,P05740,Q02892,P05749,Q02753,P38061,P0C2H8,P05737,P04456,P87262,Q12690,P04650,Q02326,P33201,P14120,P05745,P49167,P0CX49,P14126,P0CX84,P0CX41,Q07915,P49166,Q12522,P0CX45,P05744,P0CX82,P0CX25,P53742,P10664,P36105,P05748,P0C2H6,P17076,P05743,P02406,P26784,P0CX23","P05738,P40078,P05740,Q02892,P05749,Q02753,P38061,P0C2H8,P05737,P04456,P87262,Q12690,P04650,Q02326,P33201,P14120,P05745,P49167,P0CX49,P14126,P0CX84,P0CX41,Q07915,P49166,Q12522,P0CX45,P05744,P0CX82,P0CX25,P53742,P10664,P36105,P05748,P0C2H6,P17076,P05743,P02406,P26784,P0CX23",0.411,0.89,0.016
Nog1-TAP associated immature ribosomal particle population B from S. cerevisiae,3.4,EMD-12892,7oh3,"P05738,P40078,Q08746,P05740,Q02892,P05749,Q02753,P38061,P0C2H8,P05737,P04456,P87262,Q12690,P04650,Q02326,P33201,P14120,P05745,P38202,P36160,P49167,P0CX49,P14126,P0CX84,P0CX41,Q07915,P49166,Q12522,P0CX45,P53188,P05744,P25382,P26321,P0CX82,P0CX25,P53742,P10664,P36105,P05748,P0C2H6,P40010,P17076,P0C0W9,P05743,P02406,P26784,P0CX23","P05738,P40078,Q08746,P05740,Q02892,P05749,Q02753,P38061,P0C2H8,P05737,P04456,P87262,Q12690,P04650,Q02326,P33201,P14120,P05745,P38202,P36160,P49167,P0CX49,P14126,P0CX84,P0CX41,Q07915,P49166,Q12522,P0CX45,P53188,P05744,P25382,P26321,P0CX82,P0CX25,P53742,P10664,P36105,P05748,P0C2H6,P40010,P17076,P0C0W9,P05743,P02406,P26784,P0CX23",0.416,0.859,0.026
Nog1-TAP associated immature ribosomal particle population C from S. cerevisiae,3.1,EMD-12905,7ohq,"P05738,P38779,P40078,Q08746,P05740,Q02892,P05749,Q02753,P38061,P0C2H8,P05737,P04456,P87262,P53927,Q12690,P04650,Q02326,P33201,P14120,P05745,Q12080,P38202,P36160,P49167,P0CX49,P14126,P0CX84,P0CX41,Q07915,P49166,P40693,Q12522,P0CX45,P53188,P05744,P25382,P26321,P0CX82,P53261,P0CX25,P53742,P10664,P36105,P05748,P0C2H6,P40010,P17076,P0C0W9,P05743,P02406,P26784,P0CX23","P05738,P38779,P40078,Q08746,P05740,Q02892,P05749,Q02753,P38061,P0C2H8,P05737,P04456,P87262,P53927,Q12690,P04650,Q02326,P33201,P14120,P05745,Q12080,P38202,P36160,P49167,P0CX49,P14126,P0CX84,P0CX41,Q07915,P49166,P40693,Q12522,P0CX45,P53188,P05744,P25382,P26321,P0CX82,P53261,P0CX25,P53742,P10664,P36105,P05748,P0C2H6,P40010,P17076,P0C0W9,P05743,P02406,P26784,P0CX23",0.417,0.874,0.021
Non-rotated 80S S. cerevisiae ribosome with ligands,2.28,EMD-16648,8cgn,"P38011,P0CX47,P0CX29,P05749,Q02753,P38061,P06367,P05317,P0C2H8,P0CX51,P05737,P0CX55,P07280,P0CX33,P04456,P87262,P0CX35,Q12690,P04650,P04449,A0A6A5PUG0,Q02326,P05747,P14120,P05745,Q08745,P26786,P0CX40,A0A6A5PV92,Q3E7X9,Q3E792,P14126,P0CX49,P41805,P0CX84,P49167,P32905,P33442,P0CX41,A0A6A5Q3Q1,Q01855,A0A8H4FCT7,P49166,A0A8H8UMB4,P0CX37,P25443,P0CX45,P0CX27,P05744,P0C0W1,P35997,P0CX82,P26321,P0CX25,P10664,P05756,P36105,P05748,P26783,P0C2H6,O13516,P0C0V8,P17076,P0C0W9,P02407,A0A6A5PVE9,P05743,P0CH08,P0CX31,P02406,A0A6A5PU37,P26784,P0CX53,P0CX23","P38011,P0CX47,P0CX29,P05749,Q02753,P38061,P06367,P05317,P0C2H8,P0CX51,P05737,P0CX55,P07280,P0CX33,P04456,P87262,P0CX35,Q12690,P04650,P04449,A0A6A5PUG0,Q02326,P05747,P14120,P05745,Q08745,P26786,P0CX40,A0A6A5PV92,Q3E7X9,Q3E792,P14126,P0CX49,P41805,P0CX84,P49167,P32905,P33442,P0CX41,A0A6A5Q3Q1,Q01855,P49166,P0CX37,P25443,P0CX45,P0CX27,P05744,P0C0W1,P35997,P0CX82,P26321,P0CX25,P10664,P05756,P36105,P05748,P26783,P0C2H6,O13516,P0C0V8,P17076,P0C0W9,P02407,A0A6A5PVE9,P05743,P0CH08,P0CX31,P02406,A0A6A5PU37,P26784,P0CX53,P0CX23",0.611,0.76,0.249
Nonstop ribosomal complex bound with Dom34 and Hbs1,3.3,EMD-4140,5m1j,"P38011,P05738,P05740,P0CX29,P05749,P38061,Q02753,P06367,P0CX51,P39939,P0C2H8,P38701,P05737,P41057,P0C0X0,P14127,P0CX55,P07280,P05750,P0CX33,P0CX35,P87262,P04456,Q12690,P0CX39,P04650,P04449,P48589,P05747,P14120,Q02326,Q08745,P05745,P33309,P26786,P0CX47,P33442,Q3E792,Q01855,P14126,P0CX84,P41805,P49167,P32905,P0CX26,P0CX49,P0CX41,P0CX87,P49166,P0CX37,P25443,P0CX45,P32769,P05744,P0C0W1,P35997,P26321,P0CX82,P10664,P05756,P36105,O13516,P26783,P05748,P0C0V8,P05759,P0C2H6,P17076,P26784,P0C0W9,P0CH08,P05743,P0CX31,P02406,P0CX28,P0CX23","P38011,P05738,P05740,P0CX29,P05749,P38061,Q02753,P06367,P0CX51,P39939,P0C2H8,P38701,P05737,P41057,P0C0X0,P14127,P0CX55,P07280,P05750,P0CX33,P0CX35,P87262,P04456,Q12690,P0CX39,P04650,P04449,P48589,P05747,P14120,Q02326,Q08745,P05745,P33309,P26786,P0CX47,P33442,Q3E792,Q01855,P14126,P0CX84,P41805,P49167,P32905,P0CX26,P0CX49,P0CX41,P0CX87,P49166,P0CX37,P25443,P0CX45,P32769,P05744,P0C0W1,P35997,P26321,P0CX82,P10664,P05756,P36105,O13516,P26783,P05748,P0C0V8,P05759,P0C2H6,P17076,P26784,P0C0W9,P0CH08,P05743,P0CX31,P02406,P0CX28,P0CX23",0.45,0.714,3.5
Nucleoplasmic pre-60S intermediate of the Nog2 containing pre-rotation state,2.34,EMD-26651,7uoo,"P05738,P38779,P40078,P05740,Q02892,A0A6A5Q4U5,A6ZQK9,Q02753,P05749,A0A6A5PUZ0,P38061,P0C2H8,P05737,A0A6A5PVK5,P04456,P87262,P53927,A0A6A5Q1D2,Q12690,P04650,P33201,P14120,P05745,Q12080,P38202,P0CX23,P49167,P14126,P0CX49,P0CX84,Q03862,P0CX41,Q07915,P49166,P40693,Q12522,P0CX45,P05744,P26321,P0CX82,P53261,P0CX25,P53742,P10664,P36105,P05748,P0C2H6,P40010,P17076,P0C0W9,Q08004,P05743,P02406,P26784,P0CX53,Q02326","P05738,P38779,P40078,P05740,Q02892,A0A6A5Q4U5,A6ZQK9,Q02753,P05749,A0A6A5PUZ0,P38061,P0C2H8,P05737,A0A6A5PVK5,P04456,P87262,P53927,A0A6A5Q1D2,Q12690,P04650,P33201,P14120,P05745,Q12080,P38202,P0CX23,P49167,P14126,P0CX49,P0CX84,Q03862,P0CX41,Q07915,P49166,P40693,Q12522,P0CX45,P05744,P26321,P0CX82,P53261,P0CX25,P53742,P10664,P36105,P05748,P0C2H6,P40010,P17076,P0C0W9,Q08004,P05743,P02406,P26784,P0CX53,Q02326",0.633,0.694,0.025
Nucleoplasmic pre-60S intermediate of the Nog2 containing pre-rotation state from a Spb1 D52A suppressor 3 strain,2.36,EMD-26941,7v08,"P05738,P38779,P40078,P05740,Q02892,A0A6A5Q4U5,A6ZQK9,Q02753,P05749,A0A6A5PUZ0,P38061,P0C2H8,P05737,A0A6A5PVK5,P04456,P87262,P53927,A0A6A5PUP3,A0A6A5Q1D2,Q12690,P04650,P33201,P14120,P05745,Q12080,P38202,P0CX23,A0A8H4C0K3,P14126,P0CX49,P0CX84,A0A6A5PUL8,Q03862,P0CX41,P49166,Q12522,P0CX45,P05744,P26321,P0CX82,P53261,P0CX25,P53742,P10664,P36105,P05748,P0C2H6,P40010,P0C0W9,Q08004,P05743,P02406,A0A8H4BY26,P26784,P0CX53,Q02326","P05738,P38779,P40078,P05740,Q02892,A0A6A5Q4U5,A6ZQK9,Q02753,P05749,A0A6A5PUZ0,P38061,P0C2H8,P05737,A0A6A5PVK5,P04456,P87262,P53927,A0A6A5PUP3,A0A6A5Q1D2,Q12690,P04650,P33201,P14120,P05745,Q12080,P38202,P0CX23,P0CX49,P14126,P0CX84,A0A6A5PUL8,Q03862,P0CX41,P49166,Q12522,P0CX45,P05744,P26321,P0CX82,P53261,P0CX25,P53742,P10664,P36105,P05748,P0C2H6,P40010,P0C0W9,Q08004,P05743,P02406,P26784,P0CX53,Q02326",0.623,0.725,0.03
"Rix1-Rea1 pre-60S particle - 60S core, body 1 (rigid body refinement)",3.0,EMD-10838,6ylg,"P05738,P05740,Q02892,P05749,Q02753,A6ZQK9,P38061,P0C2H8,P05737,P04456,P87262,Q12690,P04650,P33201,P14120,P05745,P38202,P0CX23,P53313,P49167,A6ZSZ4,P0CX49,P14126,Q03862,P0CX84,A6ZR80,P0CX41,P0CX43,P49166,Q07915,Q12522,P0CX45,P53188,P05744,P25382,P26321,P0CX82,P0CX25,P53742,P10664,P36105,P05748,P0C2H6,P40010,P17076,P0C0W9,Q08004,P05743,P02406,P26784,P0CX53,Q02326","P05738,P05740,Q02892,P05749,Q02753,A6ZQK9,P38061,P0C2H8,P05737,P04456,P87262,Q12690,P04650,P33201,P14120,P05745,P38202,P0CX23,P53313,P49167,A6ZSZ4,P0CX49,P14126,Q03862,P0CX84,A6ZR80,P0CX41,P0CX43,P49166,Q07915,Q12522,P0CX45,P53188,P05744,P25382,P26321,P0CX82,P0CX25,P53742,P10664,P36105,P05748,P0C2H6,P40010,P17076,P0C0W9,Q08004,P05743,P02406,P26784,P0CX53,Q02326",0.545,0.806,0.02
Rix1-Rea1 pre-60S particle - full composite structure,3.1,EMD-10839,6ylh,"P05738,P05740,Q02892,P05749,Q02753,A6ZQK9,P38061,P0C2H8,P05737,P04456,P87262,Q12690,P04650,P33201,P14120,P05745,P38202,P0CX23,P53313,P49167,A6ZSZ4,P0CX49,P14126,Q03862,P0CX84,P38883,A6ZR80,P0CX41,P0CX43,P49166,Q07915,Q12522,P0CX45,P53188,P05744,P25382,P26321,P0CX82,P0CX25,P53877,P53742,P10664,P36105,P05748,P0C2H6,Q12019,P40010,P17076,P0C0W9,Q08004,P05743,P02406,P26784,P0CX53,Q02326","P05738,P05740,Q02892,P05749,Q02753,A6ZQK9,P38061,P0C2H8,P05737,P04456,P87262,Q12690,P04650,P33201,P14120,P05745,P38202,P0CX23,P53313,P49167,A6ZSZ4,P0CX49,P14126,Q03862,P0CX84,P38883,A6ZR80,P0CX41,P0CX43,P49166,Q07915,Q12522,P0CX45,P53188,P05744,P25382,P26321,P0CX82,P0CX25,P53877,P53742,P10664,P36105,P05748,P0C2H6,P40010,P17076,P0C0W9,Q08004,P05743,P02406,P26784,P0CX53,Q02326",0.512,0.677,0.025
Saccharomyces cerevisiae 80S ribosome bound with ABCF protein New1,3.28,EMD-10098,6s47,"P05738,P38011,P05740,Q3E757,P0CX29,P05749,Q02753,P38061,P06367,P0C2H8,P0CX51,P39939,P38701,P05737,P0CX55,P41057,P07280,P05750,P0CX33,P04456,P87262,P0CX35,A0A1L4AA68,Q12690,P0CX39,P04650,P04449,Q02326,P05747,P14120,P48589,P05745,Q08745,P26786,P0CX47,Q3E7X9,P49167,Q01855,P0CX49,P14126,P41805,P0CX84,P0CX87,P32905,Q3E792,P0CX41,Q08972,P49166,P0CX37,P25443,P0CX45,P0CX27,P05744,P0C0W1,P26321,P0CX82,P0CX25,P35997,P10664,P05756,P36105,P05748,O13516,P0C2H6,P0C0V8,P05759,P17076,P02407,P05743,P0CH08,P02406,P0CX31,P26784,B3RHV0,P0CX23","P05738,P38011,P05740,Q3E757,P0CX29,P05749,Q02753,P38061,P06367,P0C2H8,P0CX51,P39939,P38701,P05737,P0CX55,P41057,P07280,P05750,P0CX33,P04456,P87262,P0CX35,A0A1L4AA68,Q12690,P0CX39,P04650,P04449,Q02326,P05747,P14120,P48589,P05745,Q08745,P26786,P0CX47,Q3E7X9,P49167,Q01855,P0CX49,P14126,P41805,P0CX84,P0CX87,P32905,Q3E792,P0CX41,Q08972,P49166,P0CX37,P25443,P0CX45,P0CX27,P05744,P0C0W1,P26321,P0CX82,P0CX25,P35997,P10664,P05756,P36105,P05748,O13516,P0C2H6,P0C0V8,P05759,P17076,P02407,P05743,P0CH08,P02406,P0CX31,P26784,B3RHV0,P0CX23",0.472,0.769,0.08
Saccharomyces cerevisiae spliceosomal E complex (ACT1),3.2,EMD-0361,6n7r,"Q02260,P43321,P32605,Q00916,P40204,P53207,Q06217,P40018,Q12330,Q03782,Q07508,P54999,Q05900,Q03776,P39682,Q00539","Q02260,P43321,P32605,Q00916,P40204,P53207,Q06217,P40018,Q12330,Q03782,Q07508,P54999,Q05900,Q03776,P39682,Q00539",0.427,0.574,0.05
State 2c(S2c) of yeast 80S ribosome bound to compact eEF2 and 2 tRNAs during peptidyl transferation,3.4,EMD-38660,8xu8,"P05738,P38011,P05740,Q3E757,P0CX29,P05749,Q02753,P38061,Q3E792,P0C2H8,P0CX51,P38701,P05737,P41057,P0CX55,P07280,P05750,P0CX33,P04456,P87262,P0CX35,P39938,Q12690,P0CX39,P04650,P04449,P05747,P14120,P48589,P05745,Q08745,P26786,P0CX47,Q3E7X9,P49167,Q01855,P0CX49,P05739,P14126,P41805,P0CX84,P32324,P32905,P0CX41,P0CX86,P39516,P49166,P0CX37,P33442,P0CX45,P0CX27,P05744,P25443,P0C0W1,P26321,P0CX82,P0CX25,P35997,P10664,P05756,P36105,P05748,P26783,P0C2H6,P05759,O13516,P0C0V8,P17076,P02407,P05743,P0CH08,P02406,P0CX31,P26784,P0CX23","P05738,P38011,P05740,Q3E757,P0CX29,P05749,Q02753,P38061,Q3E792,P0C2H8,P0CX51,P38701,P05737,P41057,P0CX55,P07280,P05750,P0CX33,P04456,P87262,P0CX35,P39938,Q12690,P0CX39,P04650,P04449,P05747,P14120,P48589,P05745,Q08745,P26786,P0CX47,Q3E7X9,P49167,Q01855,P0CX49,P05739,P14126,P41805,P0CX84,P32324,P32905,P0CX41,P0CX86,P39516,P49166,P0CX37,P33442,P0CX45,P0CX27,P05744,P25443,P0C0W1,P26321,P0CX82,P0CX25,P35997,P10664,P05756,P36105,P05748,P26783,P0C2H6,P05759,O13516,P0C0V8,P17076,P02407,P05743,P0CH08,P02406,P0CX31,P26784,P0CX23",0.414,0.75,0.295
State E1 nucleolar 60S ribosome biogenesis intermediate - Composite model,3.04,EMD-24296,7r7a,"P05738,P39744,P38779,P05740,Q02892,P05749,Q02753,P38061,P0C2H8,P36049,P05737,Q03532,P40991,P04456,P87262,P53927,Q12690,A0A6A5Q2N7,Q02326,P33201,P14120,P05745,P38202,P40007,P49167,P0CX49,P14126,P0CX84,Q04660,A6ZR80,P25582,Q08962,P0CX41,A0A8H4BV53,Q07915,P49166,P40693,Q12522,P05744,P0CX82,Q07896,P53261,P10664,P36105,P05748,P0C2H6,P40010,P43586,P17076,Q08235,P05743,P26784,A7A237,P0CX23","P05738,P39744,P38779,P05740,Q02892,P05749,Q02753,P38061,P0C2H8,P36049,P05737,Q03532,P40991,P04456,P87262,P53927,Q12690,A0A6A5Q2N7,Q02326,P33201,P14120,P05745,P38202,P40007,P49167,P0CX49,P14126,P0CX84,Q04660,A6ZR80,P25582,Q08962,P0CX41,Q07915,P49166,P40693,Q12522,P05744,P0CX82,Q07896,P53261,P10664,P36105,P05748,P0C2H6,P40010,P43586,P17076,Q08235,P05743,P26784,A7A237,P0CX23",0.527,0.784,0.017
State E1 nucleolar 60S ribosome biogenesis intermediate - Spb4 locally refined map,3.07,EMD-24290,7r72,"P39744,P05740,Q02892,P05749,P0C2H8,P04456,P87262,P14120,P49167,P14126,Q04660,P25582,Q07915,P49166,P40693,P53261,P0CX82,Q07896,P0C2H6,A6ZPA9,P17076,A7A237","P39744,P05740,Q02892,P05749,P0C2H8,P04456,P87262,P14120,P49167,P14126,Q04660,P25582,Q07915,P49166,P40693,P53261,P0CX82,Q07896,P0C2H6,A6ZPA9,P17076,A7A237",0.519,0.84,0.012
State E2 nucleolar 60S ribosomal biogenesis intermediate - Overall map,3.04,EMD-24269,7nac,"P05738,P38779,P05740,Q02892,A0A6A5Q2X9,P05749,Q02753,P38061,P0C2H8,P36049,P05737,Q03532,A0A8H4BX61,P40991,P04456,P87262,P53927,Q12690,A0A6A5Q2N7,Q02326,P33201,P14120,P05745,P38202,P40007,P49167,P0CX49,P14126,P0CX84,Q04660,A6ZR80,P25582,Q08962,P0CX41,A0A8H4BV53,Q07915,P49166,P40693,Q12522,P05744,P0CX82,Q07896,P53261,P10664,P36105,P05748,P0C2H6,P40010,P43586,P17076,Q08235,P05743,P26784,A7A237,P0CX23","P05738,P38779,P05740,Q02892,A0A6A5Q2X9,P05749,Q02753,P38061,P0C2H8,P36049,P05737,Q03532,P40991,P04456,P87262,P53927,Q12690,A0A6A5Q2N7,Q02326,P33201,P14120,P05745,P38202,P40007,P49167,P0CX49,P14126,P0CX84,Q04660,A6ZR80,P25582,Q08962,P0CX41,Q07915,P49166,P40693,Q12522,P05744,P0CX82,Q07896,P53261,P10664,P36105,P05748,P0C2H6,P40010,P43586,P17076,Q08235,P05743,P26784,A7A237,P0CX23",0.549,0.697,0.0275
State E2 nucleolar 60S ribosomal biogenesis intermediate - Spb4 local refinement model,3.04,EMD-24270,7nad,"P05740,Q02892,A0A6A5Q2X9,A0A8H8UL81,P05749,P0C2H8,A0A8H4BX61,P04456,P87262,A0A6A5PUP3,A0A8H4BYD1,A0A8H4BSI2,P14120,A0A8H4C0K3,P14126,A0A6A5PUL8,Q04660,P0CX41,A0A8H4BV53,P49166,P53261,P0CX82,P0C2H6,A0A8H4BY26","Q04660,P0C2H6,P0CX41,P05740,P04456,Q02892,A0A6A5Q2X9,P87262,A0A6A5PUP3,P49166,P05749,P14120,P53261,P0C2H8,P0CX82,P14126,A0A6A5PUL8",0.547,0.635,0.023
State NE1 nucleolar 60S ribosome biogenesis intermediate - Overall map,2.76,EMD-26259,7u0h,"P05738,P38779,P05740,Q02892,P05749,Q02753,P38061,P0C2H8,P05737,P04456,P87262,P53927,Q12690,Q02326,P33201,P14120,P05745,Q12080,P38202,P49167,P0CX49,P14126,P0CX84,A6ZR80,P25582,P0CX41,Q07915,P49166,P40693,Q12522,P0CX45,P05744,P0CX82,P53261,P0CX25,P53742,P10664,P36105,P05748,P0C2H6,P40010,P17076,P05743,P02406,P26784,P0CX23","P05738,P38779,P05740,Q02892,P05749,Q02753,P38061,P0C2H8,P05737,P04456,P87262,P53927,Q12690,Q02326,P33201,P14120,P05745,Q12080,P38202,P49167,P0CX49,P14126,P0CX84,A6ZR80,P25582,P0CX41,Q07915,P49166,P40693,Q12522,P0CX45,P05744,P0CX82,P53261,P0CX25,P53742,P10664,P36105,P05748,P0C2H6,P40010,P17076,P05743,P02406,P26784,P0CX23",0.592,0.649,0.0284
Stm1 bound vacant 80S structure isolated from cbf5-D95A,3.05,EMD-23934,7mpi,"P38011,P05738,P05740,P39015,P0CX29,P05749,Q02753,P38061,P06367,P0CX51,P39939,P0C2H8,P38701,P05737,P0CX55,P41057,P07280,P05750,P0CX33,P0CX35,P04456,P87262,Q12690,P0CX39,P04650,P04449,P48589,P05747,P14120,Q08745,P05745,P26786,P0CX23,P0CX47,P33442,Q3E792,Q01855,Q3E7X9,P14126,P41805,P0CX49,P32905,P0CX84,P49167,P0CX41,P0CX86,P49166,P0CX37,P25443,P0CX45,P0CX27,P05744,P0C0W1,P35997,P26321,P0CX82,P0CX25,P10664,P05756,P36105,O13516,P26783,P05748,P0C0V8,P05759,P0C2H6,P17076,P0C0W9,P02407,P05743,P0CH08,P0CX31,P02406,P26784,Q02326","P38011,P05738,P05740,P39015,P0CX29,P05749,Q02753,P38061,P06367,P0CX51,P39939,P0C2H8,P38701,P05737,P0CX55,P41057,P07280,P05750,P0CX33,P0CX35,P04456,P87262,Q12690,P0CX39,P04650,P04449,P48589,P05747,P14120,Q08745,P05745,P26786,P0CX23,P0CX47,P33442,Q3E792,Q01855,Q3E7X9,P14126,P41805,P0CX49,P32905,P0CX84,P49167,P0CX41,P0CX86,P49166,P0CX37,P25443,P0CX45,P0CX27,P05744,P0C0W1,P35997,P26321,P0CX82,P0CX25,P10664,P05756,P36105,O13516,P26783,P05748,P0C0V8,P05759,P0C2H6,P17076,P0C0W9,P02407,P05743,P0CH08,P0CX31,P02406,P26784,Q02326",0.538,0.944,0.0065
Stm1 bound vacant 80S structure isolated from wild-type,2.7,EMD-23935,7mpj,"P38011,P05738,P05740,P39015,P0CX29,P05749,Q02753,P38061,P06367,P0CX51,P0C2H8,P38701,P05737,P0CX55,P41057,P07280,P05750,P0CX33,P0CX35,P04456,P87262,P39938,Q12690,P0CX39,P04650,P04449,P48589,P05747,P14120,Q08745,P05745,P26786,P0CX47,P33442,Q3E792,Q01855,Q3E7X9,P14126,P41805,P0CX49,P32905,P0CX84,P49167,P0CX41,P0CX86,P49166,P0CX37,P25443,P0CX45,P0CX27,P05744,P0C0W1,P35997,P26321,P0CX82,P0CX25,P10664,P05756,P36105,O13516,P26783,P05748,P0C0V8,P05759,P0C2H6,P17076,P0C0W9,P02407,P05743,P0CH08,P0CX31,P02406,P26784,P0CX23","P38011,P05738,P05740,P39015,P0CX29,P05749,Q02753,P38061,P06367,P0CX51,P0C2H8,P38701,P05737,P0CX55,P41057,P07280,P05750,P0CX33,P0CX35,P04456,P87262,P39938,Q12690,P0CX39,P04650,P04449,P48589,P05747,P14120,Q08745,P05745,P26786,P0CX47,P33442,Q3E792,Q01855,Q3E7X9,P14126,P41805,P0CX49,P32905,P0CX84,P49167,P0CX41,P0CX86,P49166,P0CX37,P25443,P0CX45,P0CX27,P05744,P0C0W1,P35997,P26321,P0CX82,P0CX25,P10664,P05756,P36105,O13516,P26783,P05748,P0C0V8,P05759,P0C2H6,P17076,P0C0W9,P02407,P05743,P0CH08,P0CX31,P02406,P26784,P0CX23",0.613,0.825,0.04
Structure of 60S ribosomal subunit from S. cerevisiae with eIF6 and tRNA,3.2,EMD-14926,7zs5,"P05738,P05740,Q3E757,P05749,Q02753,P38061,P0C2H8,P05737,P04456,P87262,Q12690,P04650,P04449,P05747,P14120,P05745,P0CX23,P49167,P0CX49,P14126,P0CX84,P41805,P0CX41,P49166,Q12522,P0CX45,P0CX27,P05744,P26321,P0CX25,P0CX82,P10664,P36105,P05748,P0C2H6,P17076,P05743,P0CH08,P02406,P26784,Q02326","P05738,P05740,Q3E757,P05749,Q02753,P38061,P0C2H8,P05737,P04456,P87262,Q12690,P04650,P04449,P05747,P14120,P05745,P0CX23,P49167,P0CX49,P14126,P0CX84,P41805,P0CX41,P49166,Q12522,P0CX45,P0CX27,P05744,P26321,P0CX25,P0CX82,P10664,P36105,P05748,P0C2H6,P17076,P05743,P0CH08,P02406,P26784,Q02326",0.421,0.914,0.3
Structure of Candida albicans 80S ribosome in complex with cycloheximide,2.56,EMD-13741,7q08,"O42817,A0A1D8PLC9,Q5AJ93,A0A1D8PK22,A0A1D8PN83,A0A1D8PI15,A0A1D8PQN0,A0A1D8PG16,A0A1D8PK71,A0A1D8PF57,Q5A7K0,A0A1D8PFG4,A0A1D8PPE0,A0A1D8PNQ6,A0A1D8PK40,Q5A900,Q5A389,A0A1D8PDU3,A0A1D8PM75,Q5ALV6,Q5AGZ7,A0A1D8PDT4,O59931,A0A1D8PL99,A0A1D8PH21,A0A1D8PCX8,Q5A6R1,A0A1D8PSC5,A0A1D8PGY8,A0A1D8PDT3,A0A1D8PK61,Q5ANA1,A0A1D8PTR4,Q59LS1,P83774,A0A1D8PSV5,Q5ADQ6,Q59T44,P40910,A0A1D8PCW6,Q5A109,A0A1D8PPS1,A0A1D8PCG7,A0A1D8PCI6,Q96W54,A0A1D8PTI7,A0A1D8PPN6,Q5AG43,A0A1D8PSK2,A0A1D8PEY9,A0A1D8PF45,A0A1D8PQQ5,Q5AIB8","O42817,A0A1D8PLC9,Q5AJ93,A0A1D8PK22,A0A1D8PN83,A0A1D8PI15,A0A1D8PQN0,A0A1D8PG16,A0A1D8PK71,A0A1D8PF57,Q5A7K0,A0A1D8PFG4,A0A1D8PPE0,A0A1D8PNQ6,A0A1D8PK40,Q5A900,Q5A389,A0A1D8PDU3,A0A1D8PM75,Q5ALV6,Q5AGZ7,A0A1D8PDT4,O59931,A0A1D8PL99,A0A1D8PH21,A0A1D8PCX8,Q5A6R1,A0A1D8PSC5,A0A1D8PGY8,A0A1D8PDT3,A0A1D8PK61,Q5ANA1,A0A1D8PTR4,Q59LS1,P83774,A0A1D8PSV5,Q5ADQ6,Q59T44,P40910,A0A1D8PCW6,Q5A109,A0A1D8PPS1,A0A1D8PCG7,A0A1D8PCI6,Q96W54,A0A1D8PTI7,A0A1D8PPN6,Q5AG43,A0A1D8PSK2,A0A1D8PEY9,A0A1D8PF45,A0A1D8PQQ5,Q5AIB8",0.517,0.929,0.3
Structure of U5 snRNP assembly and recycling factor TSSC4 in complex with BRR2 and Jab1 domain of PRPF8,3.05,EMD-13690,7px3,"O75643,Q9Y5U2,Q6P2Q9","O75643,Q9Y5U2,Q6P2Q9",0.471,0.913,0.3
Structure of a yeast 80S ribosome-bound N-Acetyltransferase B complex,3.1,EMD-16086,8bip,"P05738,P05740,Q3E757,P05749,Q02753,P38061,P0C2H8,P05737,P04456,P87262,Q06504,Q12690,P04650,P04449,P05747,P14120,P05745,P49167,P0CX49,P05739,P14126,P41805,P0CX84,P0CX41,P0CX86,P49166,P0CX45,P0CX27,P05744,P26321,P0CX82,P0CX25,P10664,P36105,P05748,P0C2H6,P17076,Q12387,P05743,P0CH08,P02406,P26784,P0CX23","P05738,P05740,Q3E757,P05749,Q02753,P38061,P0C2H8,P05737,P04456,P87262,Q06504,Q12690,P04650,P04449,P05747,P14120,P05745,P49167,P0CX49,P05739,P14126,P41805,P0CX84,P0CX41,P0CX86,P49166,P0CX45,P0CX27,P05744,P26321,P0CX82,P0CX25,P10664,P36105,P05748,P0C2H6,P17076,Q12387,P05743,P0CH08,P02406,P26784,P0CX23",0.451,0.909,0.215
Structure of ribosomal complex bound with Rbg1/Tma46,3.23,EMD-24652,7rr5,"A0A6A5Q867,A0A6L1BCL1,A0A6L0YTI6,A0A6L1AIT6,P14120,A0A6A5Q3W0,A0A6A5PV92,A0A6A5Q0E8,A0A6A5PWF7,A0A6L0YFM5,A0A6L0ZQQ7,A0A6A5Q1H1,A0A6A5PYM2,A0A6L0Z3Q0,P05738,A0A6A5PWR1,A0A1L4AA68,A0A6L1AF71,A0A6A5PUZ5,P05745,A0A7I9GPQ3,A0A6A5PY83,A0A6L1B1T2,A0A6A5Q0W8,A0A6A5Q3Q1,A0A7I9BRN0,A0A6L0ZZW6,A0A6A5Q700,P35997,P0CX82,A0A6L0YSM0,A0A6L1A1E1,P0C0V8,A0A6L0ZFW3,A0A6A5PVE9,A0A6L1C3H0,A0A6A5Q6F2,A0A6V8RJA7,A0A6L1BWT3,P0CX23,A0A6L0Z4W4,A0A6L1AMY1,A0A6L1BIE7,A0A6A5PSE9,A0A6A5Q275,A0A6A5Q8I3,A0A6L0YFR2,A0A6A5PT43,A0A6L1A7F6,A0A6A5Q1M9,A0A6L0YMX6,P0CX86,A0A6L1BLL7,A0A6L0ZD57,P0CX25,A0A6A5PRY4,P36105,A0A6A5PZ18,P17076,P05743,A0A6L0ZM59,A0A6L1B5X0,A0A6V8S9K0,A0A6L0YQ58,A0A6A5PUL8,A0A6L1BJ04,A0A6A5PWT7,A0A6A5PWZ9,A0A6L1ASX0,A0A6L0ZDK5,A0A6L0Z7E4,A0A6A5Q627,A0A6L1ACT7,P05748,A0A6L1AUB6,A0A6L1BKH8,A0A6L0Y8L2,A0A6A5PU37,A0A6L0ZRP4","A0A6A5Q867,A0A6L1BCL1,A0A6L1AIT6,P14120,A0A6A5Q3W0,A0A6A5PV92,A0A6A5Q0E8,A0A6A5PWF7,A0A6L0YFM5,A0A6L0ZQQ7,A0A6A5Q1H1,A0A6A5PYM2,A0A6L0Z3Q0,P05738,A0A6A5PWR1,A0A1L4AA68,A0A6L1AF71,A0A6A5PUZ5,P05745,A0A7I9GPQ3,A0A6A5PY83,A0A6L1B1T2,A0A6A5Q0W8,A0A6A5Q3Q1,A0A7I9BRN0,A0A6L0ZZW6,A0A6A5Q700,P35997,P0CX82,A0A6L0YSM0,A0A6L1A1E1,P0C0V8,A0A6L0ZFW3,A0A6A5PVE9,A0A6L1C3H0,A0A6A5Q6F2,A0A6V8RJA7,A0A6L1BWT3,P0CX23,A0A6L0Z4W4,A0A6L1AMY1,A0A6L1BIE7,A0A6A5PSE9,A0A6A5Q275,A0A6A5Q8I3,A0A6L0YFR2,A0A6A5PT43,A0A6L1A7F6,A0A6A5Q1M9,A0A6L0YMX6,P0CX86,A0A6L1BLL7,A0A6L0ZD57,P0CX25,A0A6A5PRY4,P36105,A0A6A5PZ18,P17076,P05743,A0A6L0ZM59,A0A6L1B5X0,A0A6V8S9K0,A0A6L0YQ58,A0A6A5PUL8,A0A6L1BJ04,A0A6A5PWT7,A0A6A5PWZ9,A0A6L1ASX0,A0A6L0ZDK5,A0A6L0Z7E4,A0A6A5Q627,A0A6L1ACT7,P05748,A0A6L1AUB6,A0A6L1BKH8,A0A6L0Y8L2,A0A6A5PU37,A0A6L0ZRP4",0.437,0.905,0.003
Structure of the RQT-bound 80S ribosome from S. cerevisiae (C1),3.47,EMD-14861,7zpq,"P0CX51,P05737,P14127,A0A8H8UL01,P04650,P14120,Q08745,A0A6A5Q3W0,A0A6A5PV92,P0CX49,P05739,A0A6A5Q0E8,A0A6A5PWF7,P0CX37,P0CX45,P0CX27,P05744,B3LI22,P05756,A0A6A5Q1H1,P53137,P05738,A0A6A5PWR1,P0CX55,P07280,P87262,A0A1L4AA68,A0A6A5PUZ5,P05745,A0A6A5PY83,P0CX84,A0A6A5Q0W8,A0A6A5Q3Q1,A0A6A5Q700,P35997,P0CX82,P0C0V8,A0A8H4C0K6,A0A6A5PVE9,A0A6A5Q6F2,P0CX23,P05740,P05749,Q02753,A0A6A5PSE9,P0C2H8,A0A6A5Q8I3,P0CX35,P04456,A0A6A5Q1M9,P26786,P0CX47,P0CX41,P49166,P0CX25,A0A6A5PRY4,P36105,O13516,A0A6A5PZ18,P0C2H6,P17076,P05743,P0CH08,P0CX31,P02406,P26784,P38011,P0CX29,P0CX33,Q12690,A0A6A5PUL8,P39516,A0A6A5Q627,P05748,A0A6A5PU37,A0A8H8UMB4,A0A6A5PYM2","P38011,P05738,P05740,P0CX29,P05749,Q02753,A0A6A5PWR1,P0CX51,A0A6A5PSE9,A0A6A5Q8I3,P0C2H8,P05737,P0CX55,P14127,P07280,P0CX33,P0CX35,P04456,P87262,A0A1L4AA68,Q12690,P04650,A0A6A5PUZ5,P14120,Q08745,A0A6A5Q3W0,A0A6A5PY83,P05745,A0A6A5Q1M9,P26786,P0CX47,A0A6A5PV92,P0CX49,P05739,A0A6A5Q0W8,P0CX84,A0A6A5PUL8,A0A6A5Q0E8,A0A6A5Q3Q1,P0CX41,P39516,P49166,A0A6A5PWF7,P0CX37,P0CX45,P0CX27,P05744,A0A6A5Q700,P35997,B3LI22,P0CX82,P0CX25,P53137,A0A6A5Q627,P05756,A0A6A5PRY4,O13516,P36105,A0A6A5PZ18,P0C0V8,P05748,P0C2H6,P17076,A0A6A5Q1H1,A0A6A5PVE9,P05743,A0A6A5Q6F2,P0CH08,P0CX31,P02406,A0A6A5PU37,P26784,A0A6A5PYM2,P0CX23",0.522,0.916,0.4
Structure of the U11 snRNP C-lobe,3.0,EMD-51233,9gcl,"P62314,P62308,P62306,Q6IEG0,Q9UDW3,P62318,P62316,P14678,P62304","P62314,P62308,P62306,Q6IEG0,Q9UDW3,P62318,P62316,P14678,P62304",0.413,0.791,0.05
Structure of the human 20S U5 snRNP core,3.1,EMD-18267,8q91,"O95400,O75643,Q9BUQ8,Q6P2Q9,P62306,P62308,Q15029,P62314,P62318,P62316,P14678,O94906,P62304","O95400,O75643,Q9BUQ8,Q6P2Q9,P62306,P62308,Q15029,P62314,P62318,P62316,P14678,O94906,P62304",0.417,0.91,0.12
Structure of the human nuclear cap-binding complex bound to PHAX and m7G-capped RNA,3.46,EMD-17784,8pnt,"Q09161,P52298,Q9H814","Q09161,P52298,Q9H814",0.419,0.903,0.05
Structure of yeast 80S ribosome stalled on poly(A) tract.,3.1,EMD-10397,6t7t,"P38011,P05738,P05740,Q3E757,P0CX29,P05749,Q02753,P38061,P0CX51,P39939,P0C2H8,P38701,P05737,P0CX55,P41057,P14127,P07280,P05750,A0A0J9X221,P0CX35,P0CX33,P04456,A0A1L4AA68,P87262,Q12690,P04650,P04449,P48589,P05747,P14120,Q08745,P05745,P26786,P0CX47,Q3E7X9,Q3E792,Q01855,P14126,P05739,P41805,P0CX49,P0CX84,P49167,P0CX41,P39516,P49166,P0CX37,P25443,P0CX45,P0CX27,P05744,P0C0W1,P35997,B3LI22,P26321,P0CX82,P0CX25,P10664,P05756,P36105,O13516,P05748,P0C2H6,P0C0V8,P05759,P17076,P05743,P0CH08,P0CX31,P02406,P26784,B3RHV0,P0CX23","P38011,P05738,P05740,Q3E757,P0CX29,P05749,Q02753,P38061,P0CX51,P39939,P0C2H8,P38701,P05737,P0CX55,P41057,P14127,P07280,P05750,A0A0J9X221,P0CX35,P0CX33,P04456,A0A1L4AA68,P87262,Q12690,P04650,P04449,P48589,P05747,P14120,Q08745,P05745,P26786,P0CX47,Q3E7X9,Q3E792,Q01855,P14126,P05739,P41805,P0CX49,P0CX84,P49167,P0CX41,P39516,P49166,P0CX37,P25443,P0CX45,P0CX27,P05744,P0C0W1,P35997,B3LI22,P26321,P0CX82,P0CX25,P10664,P05756,P36105,O13516,P05748,P0C2H6,P0C0V8,P05759,P17076,P05743,P0CH08,P0CX31,P02406,P26784,B3RHV0,P0CX23",0.488,0.818,0.045
Structure of yeast 80S ribosome stalled on the CGA-CCG inhibitory codon combination.,2.6,EMD-10377,6t4q,"P38011,P05738,P05740,Q3E757,P0CX29,P05749,Q02753,P38061,P0CX51,P39939,P0C2H8,P38701,P05737,P0CX55,P41057,P07280,P05750,P0CX33,P0CX35,P04456,P87262,A0A1L4AA68,Q12690,P0CX39,P04650,P04449,P48589,P05747,P14120,Q08745,P05745,P26786,P0CX47,P33442,Q3E792,Q01855,Q3E7X9,P14126,P05739,P41805,P0CX49,P0CX84,P49167,P0CX41,P32905,P39516,P49166,P0CX37,P25443,P0CX45,P0CX27,P05744,P0C0W1,P35997,P26321,P0CX82,P0CX25,P10664,P05756,P36105,O13516,P05748,P0C2H6,P0C0V8,P05759,P17076,P02407,P05743,P0CH08,P0CX31,P02406,P26784,P0CX23","P38011,P05738,P05740,Q3E757,P0CX29,P05749,Q02753,P38061,P0CX51,P39939,P0C2H8,P38701,P05737,P0CX55,P41057,P07280,P05750,P0CX33,P0CX35,P04456,P87262,A0A1L4AA68,Q12690,P0CX39,P04650,P04449,P48589,P05747,P14120,Q08745,P05745,P26786,P0CX47,P33442,Q3E792,Q01855,Q3E7X9,P14126,P05739,P41805,P0CX49,P0CX84,P49167,P0CX41,P32905,P39516,P49166,P0CX37,P25443,P0CX45,P0CX27,P05744,P0C0W1,P35997,P26321,P0CX82,P0CX25,P10664,P05756,P36105,O13516,P05748,P0C2H6,P0C0V8,P05759,P17076,P02407,P05743,P0CH08,P0CX31,P02406,P26784,P0CX23",0.581,0.895,0.0612
Structure of yeast 80S ribosome stalled on the CGA-CGA inhibitory codon combination.,3.2,EMD-10396,6t7i,"P38011,P05738,P05740,P0CX29,P05749,Q02753,P24000,P06367,P38061,P0CX51,P0C2H8,P38701,P05737,P0CX55,P41057,P14127,P0C0X0,P07280,P05750,P0CX33,P0CX35,P04456,P87262,A0A1L4AA68,P39938,Q12690,P0CX39,P04650,P48589,P05747,P14120,Q08745,P05745,P26786,P0CX47,P33442,Q3E792,Q01855,P14126,P05739,P41805,P0CX49,P32905,P0CX84,P49167,P0CX41,P0CX87,P49166,P0CX37,P25443,P0CX45,P0CX27,P05744,P0C0W1,P35997,P26321,P0CX82,P0CX25,P10664,P05756,P36105,O13516,P05748,P0C2H6,P0C0V8,P05759,P17076,P0C0W9,P05743,P0CH08,P0CX31,P02406,P26784,P0CX23","P38011,P05738,P05740,P0CX29,P05749,Q02753,P24000,P06367,P38061,P0CX51,P0C2H8,P38701,P05737,P0CX55,P41057,P14127,P0C0X0,P07280,P05750,P0CX33,P0CX35,P04456,P87262,A0A1L4AA68,P39938,Q12690,P0CX39,P04650,P48589,P05747,P14120,Q08745,P05745,P26786,P0CX47,P33442,Q3E792,Q01855,P14126,P05739,P41805,P0CX49,P32905,P0CX84,P49167,P0CX41,P0CX87,P49166,P0CX37,P25443,P0CX45,P0CX27,P05744,P0C0W1,P35997,P26321,P0CX82,P0CX25,P10664,P05756,P36105,O13516,P05748,P0C2H6,P0C0V8,P05759,P17076,P0C0W9,P05743,P0CH08,P0CX31,P02406,P26784,P0CX23",0.477,0.914,0.022
The cryo-EM map of the DDX42-SF3b complex core region,2.6,EMD-31330,7evn,"Q15393,Q86XP3,O75533,Q9BWJ5,Q7RTV0","Q15393,Q86XP3,O75533,Q9BWJ5,Q7RTV0",0.54,0.799,0.02
Translocation intermediate 1 (TI-1*) of 80S S. cerevisiae ribosome with ligands and eEF2 in the absence of sordarin,3.11,EMD-16702,8cku,"P38011,P05738,P05740,P0CX29,P05749,Q02753,P38061,P06367,P05317,P0C2H8,P0CX51,P05737,P0CX55,P07280,P0CX33,P04456,P87262,P0CX35,Q12690,P0CX39,P04650,P04449,A0A6A5PUG0,Q02326,P05747,P14120,P05745,Q08745,P26786,P0CX47,A0A6A5PV92,Q3E7X9,Q3E792,P0CX49,P14126,P41805,P0CX84,P49167,P32905,P33442,P0CX41,A0A6A5Q3Q1,Q01855,P49166,A0A8H8UMB4,P0CX37,P25443,P0CX45,P0CX27,P05744,P0C0W1,P35997,P0CX82,P26321,P0CX25,P10664,P05756,P36105,A0A6A5Q7K2,P05748,P0C2H6,P26783,O13516,P0C0V8,P17076,P0C0W9,P02407,A0A6A5PVE9,P05743,P0CH08,P0CX31,P02406,A0A6A5PU37,P26784,P0CX53,P0CX23","P38011,P05738,P05740,P0CX29,P05749,Q02753,P38061,P06367,P05317,P0C2H8,P0CX51,P05737,P0CX55,P07280,P0CX33,P04456,P87262,P0CX35,Q12690,P0CX39,P04650,P04449,A0A6A5PUG0,Q02326,P05747,P14120,P05745,Q08745,P26786,P0CX47,A0A6A5PV92,Q3E7X9,Q3E792,P0CX49,P14126,P41805,P0CX84,P49167,P32905,P33442,P0CX41,A0A6A5Q3Q1,Q01855,P49166,P0CX37,P25443,P0CX45,P0CX27,P05744,P0C0W1,P35997,P0CX82,P26321,P0CX25,P10664,P05756,P36105,A0A6A5Q7K2,P05748,P0C2H6,P26783,O13516,P0C0V8,P17076,P0C0W9,P02407,A0A6A5PVE9,P05743,P0CH08,P0CX31,P02406,A0A6A5PU37,P26784,P0CX53,P0CX23",0.425,0.912,0.2
Translocation intermediate 4 (TI-4) of 80S S. cerevisiae ribosome with ligands and eEF2 in the presence of sordarin,2.05,EMD-16609,8ceh,"P38011,P05740,P0CX47,P0CX29,P05749,Q02753,P38061,P06367,P05317,P0C2H8,P0CX51,P05737,P0CX55,P07280,P0CX33,P04456,P87262,P0CX35,Q12690,P04650,P04449,A0A6A5PUG0,Q02326,P05747,P14120,P05745,Q08745,P26786,P0CX40,A0A6A5PV92,Q3E7X9,Q3E792,P0CX49,P14126,P41805,P0CX84,P49167,P32905,P33442,P0CX41,A0A6A5Q3Q1,Q01855,A0A8H4FCT7,P49166,A0A8H8UMB4,P0CX37,P25443,P0CX45,P0CX27,P05744,P0C0W1,P35997,P0CX82,P26321,P0CX25,P10664,P05756,P36105,A0A6A5Q7K2,P05748,P0C2H6,P26783,O13516,P0C0V8,P17076,P0C0W9,P02407,A0A6A5PVE9,P05743,P0CH08,P0CX31,P02406,A0A6A5PU37,P26784,P0CX53,P0CX23","P38011,P05740,P0CX47,P0CX29,P05749,Q02753,P38061,P06367,P05317,P0C2H8,P0CX51,P05737,P0CX55,P07280,P0CX33,P04456,P87262,P0CX35,Q12690,P04650,P04449,A0A6A5PUG0,Q02326,P05747,P14120,P05745,Q08745,P26786,P0CX40,A0A6A5PV92,Q3E7X9,Q3E792,P0CX49,P14126,P41805,P0CX84,P49167,P32905,P33442,P0CX41,A0A6A5Q3Q1,Q01855,P49166,P0CX37,P25443,P0CX45,P0CX27,P05744,P0C0W1,P35997,P0CX82,P26321,P0CX25,P10664,P05756,P36105,A0A6A5Q7K2,P05748,P0C2H6,P26783,O13516,P0C0V8,P17076,P0C0W9,P02407,A0A6A5PVE9,P05743,P0CH08,P0CX31,P02406,A0A6A5PU37,P26784,P0CX53,P0CX23",0.617,0.87,0.161
U2 snRNP after ATP-dependent remodelling,2.15,EMD-13812,7q4p,"Q15393,Q12874,Q7RTV0,Q15428,O75533,Q13435,Q9BWJ5","Q15393,Q12874,Q7RTV0,Q15428,O75533,Q13435,Q9BWJ5",0.629,0.858,0.00711
Yeast 60S ribosomal subunit,2.23,EMD-17552,8p8u,"P05738,P05740,P05749,Q02753,P38061,P0C2H8,P05737,P04456,P87262,Q12690,P04650,P04449,P05747,P14120,Q02326,P05745,P49167,P0CX49,P14126,P41805,P0CX84,P0CX41,P49166,P0CX45,P0CX27,P05744,P26321,P0CX25,P0CX82,P10664,P36105,P05748,P0C2H6,P17076,P0C0W9,P05743,P0CH08,P02406,P26784,P0CX23","P05738,P05740,P05749,Q02753,P38061,P0C2H8,P05737,P04456,P87262,Q12690,P04650,P04449,P05747,P14120,Q02326,P05745,P49167,P0CX49,P14126,P41805,P0CX84,P0CX41,P49166,P0CX45,P0CX27,P05744,P26321,P0CX25,P0CX82,P10664,P36105,P05748,P0C2H6,P17076,P0C0W9,P05743,P0CH08,P02406,P26784,P0CX23",0.653,0.887,0.3
"Yeast 60S ribosomal subunit, RPL39 deletion",2.66,EMD-17549,8p8m,"P05738,P05740,P05749,P38061,Q02753,P05317,P0C2H8,P05737,P04456,P87262,Q12690,P04449,P05747,P14120,P05745,P0CX23,P49167,P0CX84,P14126,P41805,P0CX49,P0CX41,P49166,P0CX45,P0CX27,P05744,P26321,P0CX25,P0CX82,P10664,P36105,P05748,P0C2H6,P17076,P0C0W9,P05743,P0CH08,P02406,P26784,Q02326","P05738,P05740,P05749,P38061,Q02753,P05317,P0C2H8,P05737,P04456,P87262,Q12690,P04449,P05747,P14120,P05745,P0CX23,P49167,P0CX84,P14126,P41805,P0CX49,P0CX41,P49166,P0CX45,P0CX27,P05744,P26321,P0CX25,P0CX82,P10664,P36105,P05748,P0C2H6,P17076,P0C0W9,P05743,P0CH08,P02406,P26784,Q02326",0.571,0.877,0.4
Yeast 80S ribosome bound to eEF3 and A/A- and P/P-tRNAs (PRE-1),3.3,EMD-12081,7b7d,"P38011,P05738,P05740,Q3E757,P0CX29,P05749,Q02753,P38061,P16521,P0CX51,P39939,P0C2H8,P38701,P05737,P0CX55,P41057,P14127,P07280,P05750,P0CX33,P0CX35,P04456,P87262,Q12690,P0CX39,P04650,P04449,P48589,P05747,P14120,Q08745,P05745,P26786,P0CX47,P33442,Q3E792,Q01855,Q3E7X9,P14126,P05739,P41805,P32905,P0CX49,P0CX84,P0CX41,P0CX87,P39516,P49166,P49167,P0CX37,P25443,P0CX45,P0CX27,P05744,P0C0W1,P35997,P26321,P0CX82,P0CX25,P10664,P05756,P36105,O13516,P26783,P05748,P0C0V8,P05759,P0C2H6,P17076,P05743,P0CH08,P0CX31,P02406,P26784,P0CX23","P38011,P05738,P05740,Q3E757,P0CX29,P05749,Q02753,P38061,P16521,P0CX51,P39939,P0C2H8,P38701,P05737,P0CX55,P41057,P14127,P07280,P05750,P0CX33,P0CX35,P04456,P87262,Q12690,P0CX39,P04650,P04449,P48589,P05747,P14120,Q08745,P05745,P26786,P0CX47,P33442,Q3E792,Q01855,Q3E7X9,P14126,P05739,P41805,P32905,P0CX49,P0CX84,P0CX41,P0CX87,P39516,P49166,P49167,P0CX37,P25443,P0CX45,P0CX27,P05744,P0C0W1,P35997,P26321,P0CX82,P0CX25,P10664,P05756,P36105,O13516,P26783,P05748,P0C0V8,P05759,P0C2H6,P17076,P05743,P0CH08,P0CX31,P02406,P26784,P0CX23",0.464,0.729,0.04
Yeast 80S ribosome bound with the ALS/FTD-associated dipeptide repeat protein GR20,2.7,EMD-26033,7too,"P05738,P05740,A0A6A5Q7I9,P05749,Q02753,P05317,A0A6A5PWR1,P0C2H8,P05737,P04456,P87262,Q12690,P04650,Q02326,A0A6A5PUZ5,P14120,A0A6A5Q3W0,P05745,A0A6A5PY83,A0A6A5Q1M9,P0CX49,P0CX84,A0A6A5Q0W8,A0A6A5PUL8,P0CX41,P0CX86,P49166,P0CX45,P0CX27,P05744,P0CX82,P0CX25,A0A6A5Q627,P36105,P05748,P0C2H6,P17076,P05743,P0CH08,P02406,P26784,P0CX23","P05738,P05740,A0A6A5Q7I9,P05749,Q02753,P05317,A0A6A5PWR1,P0C2H8,P05737,P04456,P87262,Q12690,P04650,Q02326,A0A6A5PUZ5,P14120,A0A6A5Q3W0,P05745,A0A6A5PY83,A0A6A5Q1M9,P0CX49,P0CX84,A0A6A5Q0W8,A0A6A5PUL8,P0CX41,P0CX86,P49166,P0CX45,P0CX27,P05744,P0CX82,P0CX25,A0A6A5Q627,P36105,P05748,P0C2H6,P17076,P05743,P0CH08,P02406,P26784,P0CX23",0.531,0.982,1.0
Yeast 80S ribosome bound with the ALS/FTD-associated dipeptide repeat protein PR20,2.4,EMD-26034,7top,"P05738,P05740,A0A6A5Q7I9,P05749,Q02753,P05317,A0A6A5PWR1,P0C2H8,P05737,P04456,P87262,Q12690,P04650,Q02326,A0A6A5PUZ5,P14120,A0A6A5Q3W0,P05745,A0A6A5PY83,A0A6A5Q1M9,P0CX49,P0CX84,A0A6A5Q0W8,A0A6A5PUL8,P0CX41,P0CX86,P49166,P0CX45,P0CX27,P05744,P0CX82,P0CX25,A0A6A5Q627,P36105,P05748,P0C2H6,P17076,P05743,P0CH08,P02406,P26784,A7H9Z6,P0CX23","P05738,P05740,A0A6A5Q7I9,P05749,Q02753,P05317,A0A6A5PWR1,P0C2H8,P05737,P04456,P87262,Q12690,P04650,Q02326,A0A6A5PUZ5,P14120,A0A6A5Q3W0,P05745,A0A6A5PY83,A0A6A5Q1M9,P0CX49,P0CX84,A0A6A5Q0W8,A0A6A5PUL8,P0CX41,P0CX86,P49166,P0CX45,P0CX27,P05744,P0CX82,P0CX25,A0A6A5Q627,P36105,P05748,P0C2H6,P17076,P05743,P0CH08,P02406,P26784,A7H9Z6,P0CX23",0.552,0.826,4.0
Yeast 80S ribosome in complex with eIF5A and decoding A-site and P-site tRNAs.,3.1,EMD-10537,6tnu,"P38011,P05738,P05740,Q3E757,P0CX29,P05749,Q02753,P38061,P0CX51,P39939,P0C2H8,P38701,P05737,P0CX55,P41057,P14127,P07280,P05750,A0A0J9X221,P0CX35,P0CX33,P04456,A0A1L4AA68,P87262,Q12690,P04650,P04449,P48589,P05747,P14120,Q08745,P05745,P26786,P0CX47,Q3E7X9,Q3E792,Q01855,P14126,P05739,P41805,P0CX49,P0CX84,P49167,P0CX41,P39516,P49166,P0CX37,P25443,P0CX45,P0CX27,P05744,P0C0W1,P35997,B3LI22,P26321,P0CX82,P0CX25,P10664,P05756,P36105,O13516,P05748,P0C2H6,P0C0V8,P05759,P23301,P17076,P05743,P0CH08,P0CX31,P02406,P26784,B3RHV0,P0CX23","P38011,P05738,P05740,Q3E757,P0CX29,P05749,Q02753,P38061,P0CX51,P39939,P0C2H8,P38701,P05737,P0CX55,P41057,P14127,P07280,P05750,A0A0J9X221,P0CX35,P0CX33,P04456,A0A1L4AA68,P87262,Q12690,P04650,P04449,P48589,P05747,P14120,Q08745,P05745,P26786,P0CX47,Q3E7X9,Q3E792,Q01855,P14126,P05739,P41805,P0CX49,P0CX84,P49167,P0CX41,P39516,P49166,P0CX37,P25443,P0CX45,P0CX27,P05744,P0C0W1,P35997,B3LI22,P26321,P0CX82,P0CX25,P10664,P05756,P36105,O13516,P05748,P0C2H6,P0C0V8,P05759,P23301,P17076,P05743,P0CH08,P0CX31,P02406,P26784,B3RHV0,P0CX23",0.463,0.881,0.035
"Yeast 80S, ES7s delta, eIF5A, Stm1 containing",2.4,EMD-16127,8bn3,"P38011,P05740,P0CX29,P05749,Q02753,A0A6A5PWR1,P0CX51,A0A6A5PSE9,P0C2H8,P05737,P0CX55,P07280,A0A0J9X221,P0CX33,P04456,P87262,P0CX35,A0A1L4AA68,Q12690,P04650,A0A6A5PUZ5,P14120,Q08745,A0A6A5Q3W0,A0A6A5PY83,P05745,A0A6A5Q1M9,P26786,A0A0J9X224,P0CX47,A0A6A5PV92,P0CX49,P0CX84,A0A6A5Q0W8,A0A6A5PUL8,P32905,A0A6A5Q0E8,P0CX87,A0A6A5Q3Q1,P0CX41,P39516,P0CX43,A0A8H4FCT7,A0A6A5PWF7,P49166,A0A8H8ULI0,P0CX37,P0CX45,P0CX27,P05744,A0A6A5Q700,P35997,P0CX82,P0CX25,A0A8H4FBL9,A0A6A5Q627,A0A8H4BX09,A0A6A5PRY4,P05756,O13516,P36105,A0A6A5PZ18,P0C0V8,P0C2H6,P17076,A0A6A5PVE9,P05743,A0A6A5Q6F2,P0CH08,P0CX31,P02406,A0A6A5PU37,P26784,A0A6A5PYM2,P0CX23","P38011,P05740,P0CX29,P05749,Q02753,A0A6A5PWR1,P0CX51,A0A6A5PSE9,P0C2H8,P05737,P0CX55,P07280,A0A0J9X221,P0CX33,P04456,P87262,P0CX35,A0A1L4AA68,Q12690,P04650,A0A6A5PUZ5,P14120,Q08745,A0A6A5Q3W0,A0A6A5PY83,P05745,A0A6A5Q1M9,P26786,A0A0J9X224,P0CX47,A0A6A5PV92,P0CX49,P0CX84,A0A6A5Q0W8,A0A6A5PUL8,P32905,A0A6A5Q0E8,P0CX87,A0A6A5Q3Q1,P0CX41,P39516,P0CX43,P49166,A0A6A5PWF7,P0CX37,P0CX45,P0CX27,P05744,A0A6A5Q700,P35997,P0CX82,P0CX25,A0A6A5Q627,A0A6A5PRY4,P05756,O13516,P36105,A0A6A5PZ18,P0C0V8,P0C2H6,P17076,A0A6A5PVE9,P05743,A0A6A5Q6F2,P0CH08,P0CX31,P02406,A0A6A5PU37,P26784,A0A6A5PYM2,P0CX23",0.597,0.753,0.0143
Yeast RQC complex in state D,2.6,EMD-15426,8agw,"P05738,P05740,P05749,Q02753,P38061,P05317,A0A6A5PWR1,P0C2H8,P05737,P04456,P87262,Q12690,Q04781,P04650,P04449,A0A8H4F709,P14120,A0A6A5PUZ5,P05745,P49167,P0CX49,P0CX84,A0A6A5Q0W8,P05739,P0CX41,P0CX86,P0CX43,P49166,Q12522,P0CX45,P0CX27,P05744,P0CX82,P0CX25,A0A6A5Q627,P10664,P05748,P36105,P0C2H6,P17076,P0C0W9,P05743,P0CH08,P02406,P26784,P0CX53,P0CX23","P05738,P05740,P05749,Q02753,P38061,P05317,A0A6A5PWR1,P0C2H8,P05737,P04456,P87262,Q12690,Q04781,P04650,P04449,P14120,A0A6A5PUZ5,P05745,P49167,P0CX49,P0CX84,A0A6A5Q0W8,P05739,P0CX41,P0CX86,P0CX43,P49166,Q12522,P0CX45,P0CX27,P05744,P0CX82,P0CX25,A0A6A5Q627,P10664,P05748,P36105,P0C2H6,P17076,P0C0W9,P05743,P0CH08,P02406,P26784,P0CX53,P0CX23",0.502,0.832,0.55
Yeast RQC complex in state E,2.7,EMD-15424,8agu,"P05738,P05740,A0A6A5Q7I9,P05749,Q02753,P38061,P05317,A0A6A5PWR1,P0C2H8,A0A6A5Q275,P05737,P04456,P87262,Q12690,Q04781,P04650,P04449,A0A8H4F709,P14120,A0A6A5PUZ5,P05745,A0A6A5Q3W0,P0CX49,P0CX84,A0A6A5PUL8,A0A6A5Q0W8,P05739,P0CX41,P0CX43,P49166,Q12522,P0CX45,P0CX27,P05744,P0CX82,P0CX25,A0A6A5Q627,P05748,P36105,P0C2H6,P23301,P17076,P05743,P0CH08,P02406,P26784,A0A8H8UMB4,P0CX23","P05738,P05740,A0A6A5Q7I9,P05749,Q02753,P38061,P05317,A0A6A5PWR1,P0C2H8,A0A6A5Q275,P05737,P04456,P87262,Q12690,Q04781,P04650,P04449,P14120,A0A6A5PUZ5,P05745,A0A6A5Q3W0,P0CX49,P0CX84,A0A6A5PUL8,A0A6A5Q0W8,P05739,P0CX41,P0CX43,P49166,Q12522,P0CX45,P0CX27,P05744,P0CX82,P0CX25,A0A6A5Q627,P05748,P36105,P0C2H6,P23301,P17076,P05743,P0CH08,P02406,P26784,P0CX23",0.496,0.898,0.4
Yeast RQC complex in state F,2.6,EMD-15423,8agt,"P05738,P05740,P05749,Q02753,P38061,P05317,P0C2H8,P05737,P04456,P87262,Q12690,Q04781,P04650,P04449,Q12532,P05747,P14120,P05745,P49167,P0CX49,P0CX84,P14126,P05739,P41805,P0CX41,P0CX86,P0CX43,P49166,Q12522,P0CX45,P0CX27,P05744,P26321,P0CX82,P0CX25,P10664,P05748,P36105,P0C2H6,P23301,P17076,P0C0W9,P05743,P0CH08,P02406,P26784,P0CX53,P0CX23","P05738,P05740,P05749,Q02753,P38061,P05317,P0C2H8,P05737,P04456,P87262,Q12690,Q04781,P04650,P04449,Q12532,P05747,P14120,P05745,P49167,P0CX49,P0CX84,P14126,P05739,P41805,P0CX41,P0CX86,P0CX43,P49166,Q12522,P0CX45,P0CX27,P05744,P26321,P0CX82,P0CX25,P10664,P05748,P36105,P0C2H6,P23301,P17076,P0C0W9,P05743,P0CH08,P02406,P26784,P0CX53,P0CX23",0.507,0.918,0.35
Yeast RQC complex in state G,2.5,EMD-15296,8aaf,"P05738,P05740,P05749,Q02753,P38061,P05317,A0A6A5PWR1,P0C2H8,A0A6A5Q275,P05737,P04456,P87262,Q12690,Q04781,P04650,P04449,Q12532,P14120,A0A6A5PUZ5,P05745,P49167,P0CX49,P0CX84,A0A6A5Q0W8,P05739,P0CX41,P0CX86,P0CX43,P49166,Q12522,P0CX45,P0CX27,P05744,P0CX82,P0CX25,A0A6A5Q627,P10664,P05748,P36105,P0C2H6,P23301,P17076,P0C0W9,P05743,P0CH08,P02406,P26784,P0CX23","P05738,P05740,P05749,Q02753,P38061,P05317,A0A6A5PWR1,P0C2H8,A0A6A5Q275,P05737,P04456,P87262,Q12690,Q04781,P04650,P04449,Q12532,P14120,A0A6A5PUZ5,P05745,P49167,P0CX49,P0CX84,A0A6A5Q0W8,P05739,P0CX41,P0CX86,P0CX43,P49166,Q12522,P0CX45,P0CX27,P05744,P0CX82,P0CX25,A0A6A5Q627,P10664,P05748,P36105,P0C2H6,P23301,P17076,P0C0W9,P05743,P0CH08,P02406,P26784,P0CX23",0.536,0.907,0.2
Yeast RQC complex in state H,2.6,EMD-15425,8agv,"P05738,P05740,P05749,Q02753,P38061,P05317,A0A6A5PWR1,P0C2H8,A0A6A5Q275,P05737,P04456,P87262,Q12690,Q04781,P04650,P04449,A0A8H4F709,P14120,A0A6A5PUZ5,P05745,P49167,P0CX49,P0CX84,A0A6A5Q0W8,P05739,P0CX41,P0CX86,P0CX43,P49166,Q12522,P0CX45,P0CX27,P05744,P0CX82,P0CX25,A0A6A5Q627,P10664,P05748,P36105,P0C2H6,P23301,P17076,P0C0W9,P05743,P0CH08,P02406,P26784,P0CX23","P05738,P05740,P05749,Q02753,P38061,P05317,A0A6A5PWR1,P0C2H8,A0A6A5Q275,P05737,P04456,P87262,Q12690,Q04781,P04650,P04449,P14120,A0A6A5PUZ5,P05745,P49167,P0CX49,P0CX84,A0A6A5Q0W8,P05739,P0CX41,P0CX86,P0CX43,P49166,Q12522,P0CX45,P0CX27,P05744,P0CX82,P0CX25,A0A6A5Q627,P10664,P05748,P36105,P0C2H6,P23301,P17076,P0C0W9,P05743,P0CH08,P02406,P26784,P0CX23",0.503,0.911,0.4
Yeast RQC complex in state with the RING domain of Ltn1 in the IN position,2.4,EMD-15427,8agx,"P05738,P05740,P05749,Q02753,P38061,P05317,P0C2H8,P05737,P04456,P87262,Q12690,Q04781,P04650,P04449,Q12532,P05747,P14120,P05745,P49167,P0CX49,P0CX84,P14126,P05739,P41805,P0CX41,P0CX86,P0CX43,P49166,P0CX45,P0CX27,P05744,P26321,P0CX82,P0CX25,P10664,P05748,P36105,P0C2H6,P23301,P17076,P0C0W9,P05743,P0CH08,P02406,P26784,P0CX53,P0CX23","P05738,P05740,P05749,Q02753,P38061,P05317,P0C2H8,P05737,P04456,P87262,Q12690,Q04781,P04650,P04449,Q12532,P05747,P14120,P05745,P49167,P0CX49,P0CX84,P14126,P05739,P41805,P0CX41,P0CX86,P0CX43,P49166,P0CX45,P0CX27,P05744,P26321,P0CX82,P0CX25,P10664,P05748,P36105,P0C2H6,P23301,P17076,P0C0W9,P05743,P0CH08,P02406,P26784,P0CX53,P0CX23",0.52,0.906,0.4
Yeast SDD1 Disome with Mbf1,2.9,EMD-50259,9f9s,"P05317,P0CX51,P38701,P05737,P41057,P14127,P05750,P04650,P48589,P14120,Q08745,P49167,P0CX49,P05739,P0CX37,P0CX45,P0CX27,P05744,P05756,P05738,P06367,P0C0X0,P0CX55,P07280,P87262,P05745,Q3E7X9,Q3E792,Q01855,P0CX84,P14126,P35997,P0CX82,P0C0V8,P0C0W9,P02407,P0CX53,P0CX23,Q02326,P05740,P05749,Q02753,P0C2H8,P04456,P0CX35,P0CX39,P05747,P26786,P0CX47,P41805,P32905,P0CX41,P0CX86,O14467,P49166,P0CX25,P36105,O13516,P0C2H6,P05759,P17076,P0CH08,P05743,P02406,P0CX31,P26784,P39983,P38011,P0CX29,P38061,P0CX33,P39938,Q12690,P04449,P33442,P39516,P25443,P0C0W1,P26321,P10664,P05748,P26783","P05317,P0CX51,P38701,P05737,P41057,P14127,P05750,P04650,P48589,P14120,Q08745,P49167,P0CX49,P05739,P0CX37,P0CX45,P0CX27,P05744,P05756,P05738,P06367,P0C0X0,P0CX55,P07280,P87262,P05745,Q3E7X9,Q3E792,Q01855,P0CX84,P14126,P35997,P0CX82,P0C0V8,P0C0W9,P02407,P0CX53,P0CX23,Q02326,P05740,P05749,Q02753,P0C2H8,P04456,P0CX35,P0CX39,P05747,P26786,P0CX47,P41805,P32905,P0CX41,P0CX86,O14467,P49166,P0CX25,P36105,O13516,P0C2H6,P05759,P17076,P0CH08,P05743,P02406,P0CX31,P26784,P39983,P38011,P0CX29,P38061,P0CX33,P39938,Q12690,P04449,P33442,P39516,P25443,P0C0W1,P26321,P10664,P05748,P26783",0.54,0.897,0.44
Yeast Vms1 (Q295L)-60S ribosomal subunit complex (pre-state with Arb1),3.6,EMD-4751,6r84,"P05738,P05740,Q3E757,P05749,Q02753,P38061,P05317,Q04311,P0C2H8,P05737,P04456,P87262,Q12690,P04650,P04449,P05747,P14120,Q02326,P05745,P49167,P0CX84,P0CX49,P41805,P14126,P0CX41,P0CX43,P49166,P40024,Q12522,P0CX45,P0CX27,P05744,P26321,P0CX82,P0CX25,P10664,P36105,P05748,P0C2H6,P17076,P0CH08,P05743,P02406,P26784,P0CX53,P0CX23","P05738,P05740,Q3E757,P05749,Q02753,P38061,P05317,Q04311,P0C2H8,P05737,P04456,P87262,Q12690,P04650,P04449,P05747,P14120,Q02326,P05745,P49167,P0CX84,P0CX49,P41805,P14126,P0CX41,P0CX43,P49166,P40024,Q12522,P0CX45,P0CX27,P05744,P26321,P0CX82,P0CX25,P10664,P36105,P05748,P0C2H6,P17076,P0CH08,P05743,P02406,P26784,P0CX53,P0CX23",0.422,0.907,0.025
Yeast Vms1 (Q295L)-60S ribosomal subunit complex (pre-state without Arb1),3.4,EMD-4753,6r87,"P05738,P05740,Q3E757,P05749,Q02753,P38061,P05317,Q04311,P0C2H8,P05737,P04456,P87262,Q12690,P04650,P04449,P05747,P14120,Q02326,P05745,P49167,P0CX49,P0CX84,P41805,P14126,P0CX41,P0CX43,P49166,Q12522,P0CX45,P0CX27,P05744,P26321,P0CX82,P0CX25,P10664,P36105,P05748,P0C2H6,P17076,P0CH08,P05743,P02406,P26784,P0CX53,P0CX23","P05738,P05740,Q3E757,P05749,Q02753,P38061,P05317,Q04311,P0C2H8,P05737,P04456,P87262,Q12690,P04650,P04449,P05747,P14120,Q02326,P05745,P49167,P0CX49,P0CX84,P41805,P14126,P0CX41,P0CX43,P49166,Q12522,P0CX45,P0CX27,P05744,P26321,P0CX82,P0CX25,P10664,P36105,P05748,P0C2H6,P17076,P0CH08,P05743,P02406,P26784,P0CX53,P0CX23",0.455,0.924,0.025
cryo-EM structure of the DEAH-box helicase Prp2 in complex with its coactivator Spp2,3.15,EMD-30640,7dcr,"A0A6A5Q6Y7,A0A6A5Q5S8",,0.49,0.641,0.015
cryo-EM structure of the human spliceosomal B complex protomer (tri-snRNP core region),3.1,EMD-18225,8q7n,"P83876,Q15459,Q6P2Q9,Q15029,Q9BZL1,O43290,O14776,Q8WWY3,Q96NC0,P55769,O94906,Q8NAV1,O43395,P55081,O75554,P41223,O43172","P83876,Q15459,Q6P2Q9,Q15029,Q9BZL1,O43290,O14776,Q8WWY3,Q96NC0,P55769,O94906,Q8NAV1,O43395,P55081,O75554,P41223,O43172",0.463,0.779,0.03
human Bact spliceosome core structure,3.4,EMD-4255,6ff4,"Q6UX04,Q9UQ35,O15541,O75533,Q13573,Q9NW64,Q6P2Q9,Q9BRD0,Q15428,Q9Y3B4,Q9P013,Q13435,Q9BWJ5,Q7RTV0,Q15029,Q99459,Q9Y3C6,O43660,Q9BZJ0,P41223,Q9Y388,Q15393,O60508,Q8IYB3","Q6UX04,O15541,O75533,Q13573,Q9NW64,Q6P2Q9,Q9BRD0,Q15428,Q9Y3B4,Q9P013,Q13435,Q9BWJ5,Q7RTV0,Q15029,Q99459,Q9Y3C6,O43660,Q9BZJ0,P41223,Q9Y388,Q15393,O60508,Q8IYB3",0.443,0.812,0.04
yeast 80S ribosome in complex with the Not5 subunit of the CCR4-NOT complex,2.8,EMD-10431,6tb3,"P38011,P05738,P05740,Q3E757,P0CX29,P05749,Q02753,P38061,P0CX51,P39939,P0C2H8,P38701,P05737,P0CX55,P41057,P14127,P07280,P05750,A0A0J9X221,P0CX35,P0CX33,P04456,P87262,Q12690,P04650,P04449,P48589,P05747,P14120,Q08745,P05745,P26786,P0CX47,P33442,Q3E792,Q01855,Q3E7X9,P14126,P05739,P41805,P32905,P0CX49,P0CX84,P0CX41,P0CX87,P39516,P0CX43,P49166,P49167,P0CX37,P25443,P0CX45,P0CX27,P05744,P0C0W1,P35997,P26321,P0CX82,P0CX25,P10664,P05756,P36105,O13516,P05748,P0C2H6,P0C0V8,P05759,Q12514,P17076,P05743,P0CH08,P0CX31,P02406,P26784,P0CX23","P38011,P05738,P05740,Q3E757,P0CX29,P05749,Q02753,P38061,P0CX51,P39939,P0C2H8,P38701,P05737,P0CX55,P41057,P14127,P07280,P05750,A0A0J9X221,P0CX35,P0CX33,P04456,P87262,Q12690,P04650,P04449,P48589,P05747,P14120,Q08745,P05745,P26786,P0CX47,P33442,Q3E792,Q01855,Q3E7X9,P14126,P05739,P41805,P32905,P0CX49,P0CX84,P0CX41,P0CX87,P39516,P0CX43,P49166,P49167,P0CX37,P25443,P0CX45,P0CX27,P05744,P0C0W1,P35997,P26321,P0CX82,P0CX25,P10664,P05756,P36105,O13516,P05748,P0C2H6,P0C0V8,P05759,Q12514,P17076,P05743,P0CH08,P0CX31,P02406,P26784,P0CX23",0.543,0.878,0.038
