group,title,resolution,emdb_id,fitted_pdbs,xref_UNIPROTKB,xref_ALPHAFOLD,Q-score,atom_inclusion,recommended_contour_level
"A0A6A5Q6Y7,A0A6A5Q5S8",Cryo-EM structure of the pre-mRNA-loaded DEAH-box ATPase/helicase Prp2 in complex with Spp2,3.2,EMD-30643,7dd3,"A0A6A5Q6Y7,A0A6A5Q5S8",,0.484,0.606,0.025
"A0A6A5Q6Y7,A0A6A5Q5S8",cryo-EM structure of the DEAH-box helicase Prp2 in complex with its coactivator Spp2,3.15,EMD-30640,7dcr,"A0A6A5Q6Y7,A0A6A5Q5S8",,0.49,0.641,0.015
"A0A6A5Q6Y7,A0A6A5Q5S8",cryo-EM structure of the DEAH-box helicase Prp2 and coactivator Spp2,3.15,EMD-30638,7dcp,"A0A6A5Q6Y7,A0A6A5Q5S8",,0.545,0.731,0.015
"A0A6A5Q7I9,P05317,P0CX51,P05737,A0A6A5Q2N7,P04650,P14120,Q08745,A0A6A5Q3W0,A0A6A5PV92,P0CX49,A0A6A5Q0E8,A0A6A5PWF7,P0CX37,P0CX45,P0CX27,P05744,P05756,P05738,P06367,A0A6A5PWR1,P0CX55,P07280,P87262,A0A1L4AA68,A0A6A5PUZ5,P05745,A0A6A5PY83,P14126,P0CX84,A0A6A5Q0W8,A0A6A5Q3Q1,A0A6A5Q700,P35997,P0CX82,P0C0V8,P02407,A0A6A5PVE9,A0A6A5Q6F2,Q02326,P05740,P05749,Q02753,A0A6A5PSE9,P0C2H8,A0A6A5Q8I3,P0CX35,P04456,P0CX39,B3LMD0,A0A6A5Q1M9,P26786,P0CX47,P32905,P0CX41,P0CX86,P49166,P0CX25,A0A6A5PRY4,P36105,O13516,A0A6A5PZ18,P0C2H6,P17076,P05743,P0CH08,P0CX31,P02406,P26784,P38011,P0CX29,P0CX33,Q12690,A0A6A5PUL8,P32324,P05748,A0A6A5PU37","Hypopseudouridylated yeast 80S bound with Taura syndrome virus (TSV) internal ribosome entry site (IRES), eEF2, GDP, and sordarin, Structure II",2.87,EMD-28634,8evr,"A0A6A5Q7I9,P05317,P0CX51,P05737,A0A6A5Q2N7,P04650,P14120,Q08745,A0A6A5Q3W0,A0A6A5PV92,P0CX49,A0A6A5Q0E8,A0A6A5PWF7,P0CX37,P0CX45,P0CX27,P05744,P05756,P05738,P06367,A0A6A5PWR1,P0CX55,P07280,P87262,A0A1L4AA68,A0A6A5PUZ5,P05745,A0A6A5PY83,P14126,P0CX84,A0A6A5Q0W8,A0A6A5Q3Q1,A0A6A5Q700,P35997,P0CX82,P0C0V8,P02407,A0A6A5PVE9,A0A6A5Q6F2,Q02326,P05740,P05749,Q02753,A0A6A5PSE9,P0C2H8,A0A6A5Q8I3,P0CX35,P04456,P0CX39,B3LMD0,A0A6A5Q1M9,P26786,P0CX47,P32905,P0CX41,P0CX86,P49166,P0CX25,A0A6A5PRY4,P36105,O13516,A0A6A5PZ18,P0C2H6,P17076,P05743,P0CH08,P0CX31,P02406,P26784,P38011,P0CX29,P0CX33,Q12690,A0A6A5PUL8,P32324,P05748,A0A6A5PU37","A0A6A5Q7I9,P05317,P0CX51,P05737,A0A6A5Q2N7,P04650,P14120,Q08745,A0A6A5Q3W0,A0A6A5PV92,P0CX49,A0A6A5Q0E8,A0A6A5PWF7,P0CX37,P0CX45,P0CX27,P05744,P05756,P05738,P06367,A0A6A5PWR1,P0CX55,P07280,P87262,A0A1L4AA68,A0A6A5PUZ5,P05745,A0A6A5PY83,P14126,P0CX84,A0A6A5Q0W8,A0A6A5Q3Q1,A0A6A5Q700,P35997,P0CX82,P0C0V8,P02407,A0A6A5PVE9,A0A6A5Q6F2,Q02326,P05740,P05749,Q02753,A0A6A5PSE9,P0C2H8,A0A6A5Q8I3,P0CX35,P04456,P0CX39,B3LMD0,A0A6A5Q1M9,P26786,P0CX47,P32905,P0CX41,P0CX86,P49166,P0CX25,A0A6A5PRY4,P36105,O13516,A0A6A5PZ18,P0C2H6,P17076,P05743,P0CH08,P0CX31,P02406,P26784,P38011,P0CX29,P0CX33,Q12690,A0A6A5PUL8,P32324,P05748,A0A6A5PU37",0.47,0.896,0.6
"A0A6A5Q7I9,P05317,P0CX51,P05737,A0A6A5Q2N7,P04650,P14120,Q08745,A0A6A5Q3W0,A0A6A5PV92,P0CX49,A0A6A5Q0E8,A0A6A5PWF7,P0CX37,P0CX45,P0CX27,P05744,P05756,P05738,P06367,A0A6A5PWR1,P0CX55,P07280,P87262,A0A1L4AA68,A0A6A5PUZ5,P05745,A0A6A5PY83,P14126,P0CX84,A0A6A5Q0W8,A0A6A5Q3Q1,A0A6A5Q700,P35997,P0CX82,P0C0V8,P02407,A0A6A5PVE9,A0A6A5Q6F2,Q02326,P05740,P05749,Q02753,A0A6A5PSE9,P0C2H8,A0A6A5Q8I3,P0CX35,P04456,P0CX39,B3LMD0,A0A6A5Q1M9,P26786,P0CX47,P32905,P0CX41,P0CX86,P49166,P0CX25,A0A6A5PRY4,P36105,O13516,A0A6A5PZ18,P0C2H6,P17076,P05743,P0CH08,P0CX31,P02406,P26784,P38011,P0CX29,P0CX33,Q12690,A0A6A5PUL8,P32324,P05748,A0A6A5PU37","Hypopseudouridylated Ribosome bound with TSV IRES, eEF2, GDP, and sordarin, Structure I",2.72,EMD-28633,8evq,"A0A6A5Q7I9,P05317,P0CX51,P05737,A0A6A5Q2N7,P04650,P14120,Q08745,A0A6A5Q3W0,A0A6A5PV92,P0CX49,A0A6A5Q0E8,A0A6A5PWF7,P0CX37,P0CX45,P0CX27,P05744,P05756,P05738,P06367,A0A6A5PWR1,P0CX55,P07280,P87262,A0A1L4AA68,A0A6A5PUZ5,P05745,A0A6A5PY83,P14126,P0CX84,A0A6A5Q0W8,A0A6A5Q3Q1,A0A6A5Q700,P35997,P0CX82,P0C0V8,P02407,A0A6A5PVE9,A0A6A5Q6F2,Q02326,P05740,P05749,Q02753,A0A6A5PSE9,P0C2H8,A0A6A5Q8I3,P0CX35,P04456,P0CX39,B3LMD0,A0A6A5Q1M9,P26786,P0CX47,P32905,P0CX41,P0CX86,P49166,P0CX25,A0A6A5PRY4,P36105,O13516,A0A6A5PZ18,P0C2H6,P17076,P05743,P0CH08,P0CX31,P02406,P26784,P38011,P0CX29,P0CX33,Q12690,A0A6A5PUL8,P32324,P05748,A0A6A5PU37","A0A6A5Q7I9,P05317,P0CX51,P05737,A0A6A5Q2N7,P04650,P14120,Q08745,A0A6A5Q3W0,A0A6A5PV92,P0CX49,A0A6A5Q0E8,A0A6A5PWF7,P0CX37,P0CX45,P0CX27,P05744,P05756,P05738,P06367,A0A6A5PWR1,P0CX55,P07280,P87262,A0A1L4AA68,A0A6A5PUZ5,P05745,A0A6A5PY83,P14126,P0CX84,A0A6A5Q0W8,A0A6A5Q3Q1,A0A6A5Q700,P35997,P0CX82,P0C0V8,P02407,A0A6A5PVE9,A0A6A5Q6F2,Q02326,P05740,P05749,Q02753,A0A6A5PSE9,P0C2H8,A0A6A5Q8I3,P0CX35,P04456,P0CX39,B3LMD0,A0A6A5Q1M9,P26786,P0CX47,P32905,P0CX41,P0CX86,P49166,P0CX25,A0A6A5PRY4,P36105,O13516,A0A6A5PZ18,P0C2H6,P17076,P05743,P0CH08,P0CX31,P02406,P26784,P38011,P0CX29,P0CX33,Q12690,A0A6A5PUL8,P32324,P05748,A0A6A5PU37",0.487,0.886,0.6
"A0A6A5Q7I9,P05317,P0CX51,P05737,A0A6A5Q2N7,P04650,P14120,Q08745,A0A6A5Q3W0,A0A6A5PV92,P0CX49,A0A6A5Q0E8,A0A6A5PWF7,P0CX37,P0CX45,P0CX27,P05744,P05756,P05738,P06367,A0A6A5PWR1,P0CX55,P07280,P87262,A0A1L4AA68,A0A6A5PUZ5,P05745,A0A6A5PY83,P14126,P0CX84,A0A6A5Q0W8,A0A6A5Q3Q1,A0A6A5Q700,P35997,P0CX82,P0C0V8,P02407,A0A6A5PVE9,A0A6A5Q6F2,Q02326,P05740,P05749,Q02753,A0A6A5PSE9,P0C2H8,A0A6A5Q8I3,P0CX35,P04456,P0CX39,B3LMD0,A0A6A5Q1M9,P26786,P0CX47,P32905,P0CX41,P0CX86,P49166,P0CX25,A0A6A5PRY4,P36105,O13516,A0A6A5PZ18,P0C2H6,P17076,P05743,P0CH08,P0CX31,P02406,P26784,P38011,P0CX29,P0CX33,Q12690,A0A6A5PUL8,P32324,P05748,A0A6A5PU37","Hypopseudouridylated yeast 80S bound with Taura syndrome virus (TSV) internal ribosome entry site (IRES), eEF2 and GDP, Structure II",2.62,EMD-28635,8evs,"A0A6A5Q7I9,P05317,P0CX51,P05737,A0A6A5Q2N7,P04650,P14120,Q08745,A0A6A5Q3W0,A0A6A5PV92,P0CX49,A0A6A5Q0E8,A0A6A5PWF7,P0CX37,P0CX45,P0CX27,P05744,P05756,P05738,P06367,A0A6A5PWR1,P0CX55,P07280,P87262,A0A1L4AA68,A0A6A5PUZ5,P05745,A0A6A5PY83,P14126,P0CX84,A0A6A5Q0W8,A0A6A5Q3Q1,A0A6A5Q700,P35997,P0CX82,P0C0V8,P02407,A0A6A5PVE9,A0A6A5Q6F2,Q02326,P05740,P05749,Q02753,A0A6A5PSE9,P0C2H8,A0A6A5Q8I3,P0CX35,P04456,P0CX39,B3LMD0,A0A6A5Q1M9,P26786,P0CX47,P32905,P0CX41,P0CX86,P49166,P0CX25,A0A6A5PRY4,P36105,O13516,A0A6A5PZ18,P0C2H6,P17076,P05743,P0CH08,P0CX31,P02406,P26784,P38011,P0CX29,P0CX33,Q12690,A0A6A5PUL8,P32324,P05748,A0A6A5PU37","A0A6A5Q7I9,P05317,P0CX51,P05737,A0A6A5Q2N7,P04650,P14120,Q08745,A0A6A5Q3W0,A0A6A5PV92,P0CX49,A0A6A5Q0E8,A0A6A5PWF7,P0CX37,P0CX45,P0CX27,P05744,P05756,P05738,P06367,A0A6A5PWR1,P0CX55,P07280,P87262,A0A1L4AA68,A0A6A5PUZ5,P05745,A0A6A5PY83,P14126,P0CX84,A0A6A5Q0W8,A0A6A5Q3Q1,A0A6A5Q700,P35997,P0CX82,P0C0V8,P02407,A0A6A5PVE9,A0A6A5Q6F2,Q02326,P05740,P05749,Q02753,A0A6A5PSE9,P0C2H8,A0A6A5Q8I3,P0CX35,P04456,P0CX39,B3LMD0,A0A6A5Q1M9,P26786,P0CX47,P32905,P0CX41,P0CX86,P49166,P0CX25,A0A6A5PRY4,P36105,O13516,A0A6A5PZ18,P0C2H6,P17076,P05743,P0CH08,P0CX31,P02406,P26784,P38011,P0CX29,P0CX33,Q12690,A0A6A5PUL8,P32324,P05748,A0A6A5PU37",0.513,0.813,0.6
"A0A6A5Q7I9,P05317,P0CX51,P05737,A0A6A5Q2N7,P04650,P14120,Q08745,A0A6A5Q3W0,A0A6A5PV92,P0CX49,A0A6A5Q0E8,A0A6A5PWF7,P0CX37,P0CX45,P0CX27,P05744,P05756,P05738,P06367,A0A6A5PWR1,P0CX55,P07280,P87262,A0A1L4AA68,A0A6A5PUZ5,P05745,A0A6A5PY83,P14126,P0CX84,A0A6A5Q0W8,A0A6A5Q3Q1,A0A6A5Q700,P35997,P0CX82,P0C0V8,P02407,A0A6A5PVE9,A0A6A5Q6F2,Q02326,P05740,P05749,Q02753,A0A6A5PSE9,P0C2H8,A0A6A5Q8I3,P0CX35,P04456,P0CX39,B3LMD0,A0A6A5Q1M9,P26786,P0CX47,P32905,P0CX41,P0CX86,P49166,P0CX25,A0A6A5PRY4,P36105,O13516,A0A6A5PZ18,P0C2H6,P17076,P05743,P0CH08,P0CX31,P02406,P26784,P38011,P0CX29,P0CX33,Q12690,A0A6A5PUL8,P32324,P05748,A0A6A5PU37","Hypopseudouridylated yeast 80S bound with Taura syndrome virus (TSV) internal ribosome entry site (IRES), eEF2 and GDP, Structure III",2.87,EMD-28642,8ewb,"A0A6A5Q7I9,P05317,P0CX51,P05737,A0A6A5Q2N7,P04650,P14120,Q08745,A0A6A5Q3W0,A0A6A5PV92,P0CX49,A0A6A5Q0E8,A0A6A5PWF7,P0CX37,P0CX45,P0CX27,P05744,P05756,P05738,P06367,A0A6A5PWR1,P0CX55,P07280,P87262,A0A1L4AA68,A0A6A5PUZ5,P05745,A0A6A5PY83,P14126,P0CX84,A0A6A5Q0W8,A0A6A5Q3Q1,A0A6A5Q700,P35997,P0CX82,P0C0V8,P02407,A0A6A5PVE9,A0A6A5Q6F2,Q02326,P05740,P05749,Q02753,A0A6A5PSE9,P0C2H8,A0A6A5Q8I3,P0CX35,P04456,P0CX39,B3LMD0,A0A6A5Q1M9,P26786,P0CX47,P32905,P0CX41,P0CX86,P49166,P0CX25,A0A6A5PRY4,P36105,O13516,A0A6A5PZ18,P0C2H6,P17076,P05743,P0CH08,P0CX31,P02406,P26784,P38011,P0CX29,P0CX33,Q12690,A0A6A5PUL8,P32324,P05748,A0A6A5PU37","A0A6A5Q7I9,P05317,P0CX51,P05737,A0A6A5Q2N7,P04650,P14120,Q08745,A0A6A5Q3W0,A0A6A5PV92,P0CX49,A0A6A5Q0E8,A0A6A5PWF7,P0CX37,P0CX45,P0CX27,P05744,P05756,P05738,P06367,A0A6A5PWR1,P0CX55,P07280,P87262,A0A1L4AA68,A0A6A5PUZ5,P05745,A0A6A5PY83,P14126,P0CX84,A0A6A5Q0W8,A0A6A5Q3Q1,A0A6A5Q700,P35997,P0CX82,P0C0V8,P02407,A0A6A5PVE9,A0A6A5Q6F2,Q02326,P05740,P05749,Q02753,A0A6A5PSE9,P0C2H8,A0A6A5Q8I3,P0CX35,P04456,P0CX39,B3LMD0,A0A6A5Q1M9,P26786,P0CX47,P32905,P0CX41,P0CX86,P49166,P0CX25,A0A6A5PRY4,P36105,O13516,A0A6A5PZ18,P0C2H6,P17076,P05743,P0CH08,P0CX31,P02406,P26784,P38011,P0CX29,P0CX33,Q12690,A0A6A5PUL8,P32324,P05748,A0A6A5PU37",0.515,0.976,0.3
"O14744,Q9BQA1",Cryo-EM structure of the apo form of human PRMT5:MEP50 complex at a resolution of 3.4 angstrom.,3.4,EMD-20764,6ugh,"O14744,Q9BQA1","O14744,Q9BQA1",0.447,0.726,0.00597
"O14744,Q9BQA1",Cryo-EM structures and computational analysis for enhanced potency in MTA-synergic inhibition of human protein arginine methyltransferase 5,3.14,EMD-27078,8cyi,"O14744,Q9BQA1","O14744,Q9BQA1",0.451,0.874,1.2
"O14744,Q9BQA1",PRMT5:MEP50 WITH SCR-6920 AND SAM,3.16,EMD-38091,8x6l,"O14744,Q9BQA1","O14744,Q9BQA1",0.515,0.824,0.144
"O14744,Q9BQA1",PRMT5 bound to covalent PBM-site inhibitor BRD-6988,2.39,EMD-23609,7m05,"O14744,Q9BQA1","O14744,Q9BQA1",0.624,0.889,5.0
"O42817,A0A1D8PLC9,Q5AJ93,P9WER7,A0A1D8PN83,A0A1D8PI15,A0A1D8PK22,A0A1D8PQN0,A0A1D8PG16,A0A1D8PK71,A0A1D8PF57,Q5A7K0,A0A1D8PFG4,A0A1D8PPE0,A0A1D8PNQ6,A0A1D8PK40,Q5A900,Q5A389,A0A1D8PDU3,A0A1D8PM75,Q5ALV6,Q5AGZ7,A0A1D8PDT4,O59931,A0A1D8PL99,A0A1D8PH21,A0A1D8PCX8,Q5A6R1,A0A1D8PSC5,A0A1D8PGY8,A0A1D8PDT3,A0A1D8PK61,Q5ANA1,A0A1D8PTR4,Q59LS1,P83774,A0A1D8PSV5,Q5ADQ6,Q59T44,P40910,A0A1D8PCW6,Q5A109,A0A1D8PPS1,A0A1D8PCG7,A0A1D8PCI6,Q96W54,A0A1D8PTI7,A0A1D8PPN6,Q5AG43,A0A1D8PSK2,A0A1D8PEY9,A0A1D8PF45,A0A1D8PQQ5,Q5AIB8",Cryo-EM map of the vacant Candida albicans 80S ribosome,2.32,EMD-13737,7pzy,"O42817,A0A1D8PLC9,Q5AJ93,P9WER7,A0A1D8PN83,A0A1D8PI15,A0A1D8PK22,A0A1D8PQN0,A0A1D8PG16,A0A1D8PK71,A0A1D8PF57,Q5A7K0,A0A1D8PFG4,A0A1D8PPE0,A0A1D8PNQ6,A0A1D8PK40,Q5A900,Q5A389,A0A1D8PDU3,A0A1D8PM75,Q5ALV6,Q5AGZ7,A0A1D8PDT4,O59931,A0A1D8PL99,A0A1D8PH21,A0A1D8PCX8,Q5A6R1,A0A1D8PSC5,A0A1D8PGY8,A0A1D8PDT3,A0A1D8PK61,Q5ANA1,A0A1D8PTR4,Q59LS1,P83774,A0A1D8PSV5,Q5ADQ6,Q59T44,P40910,A0A1D8PCW6,Q5A109,A0A1D8PPS1,A0A1D8PCG7,A0A1D8PCI6,Q96W54,A0A1D8PTI7,A0A1D8PPN6,Q5AG43,A0A1D8PSK2,A0A1D8PEY9,A0A1D8PF45,A0A1D8PQQ5,Q5AIB8","O42817,A0A1D8PLC9,Q5AJ93,A0A1D8PK22,A0A1D8PN83,A0A1D8PI15,A0A1D8PQN0,A0A1D8PG16,A0A1D8PK71,A0A1D8PF57,Q5A7K0,A0A1D8PFG4,A0A1D8PPE0,A0A1D8PNQ6,A0A1D8PK40,Q5A900,Q5A389,A0A1D8PDU3,A0A1D8PM75,Q5ALV6,Q5AGZ7,A0A1D8PDT4,O59931,A0A1D8PL99,A0A1D8PH21,A0A1D8PCX8,Q5A6R1,A0A1D8PSC5,A0A1D8PGY8,A0A1D8PDT3,A0A1D8PK61,Q5ANA1,A0A1D8PTR4,Q59LS1,P83774,A0A1D8PSV5,Q5ADQ6,Q59T44,P40910,A0A1D8PCW6,Q5A109,A0A1D8PPS1,A0A1D8PCG7,A0A1D8PCI6,Q96W54,A0A1D8PTI7,A0A1D8PPN6,Q5AG43,A0A1D8PSK2,A0A1D8PEY9,A0A1D8PF45,A0A1D8PQQ5,Q5AIB8",0.53,0.696,0.226
"O42817,A0A1D8PLC9,Q5AJ93,P9WER7,A0A1D8PN83,A0A1D8PI15,A0A1D8PK22,A0A1D8PQN0,A0A1D8PG16,A0A1D8PK71,A0A1D8PF57,Q5A7K0,A0A1D8PFG4,A0A1D8PPE0,A0A1D8PNQ6,A0A1D8PK40,Q5A900,Q5A389,A0A1D8PDU3,A0A1D8PM75,Q5ALV6,Q5AGZ7,A0A1D8PDT4,O59931,A0A1D8PL99,A0A1D8PH21,A0A1D8PCX8,Q5A6R1,A0A1D8PSC5,A0A1D8PGY8,A0A1D8PDT3,A0A1D8PK61,Q5ANA1,A0A1D8PTR4,Q59LS1,P83774,A0A1D8PSV5,Q5ADQ6,Q59T44,P40910,A0A1D8PCW6,Q5A109,A0A1D8PPS1,A0A1D8PCG7,A0A1D8PCI6,Q96W54,A0A1D8PTI7,A0A1D8PPN6,Q5AG43,A0A1D8PSK2,A0A1D8PEY9,A0A1D8PF45,A0A1D8PQQ5,Q5AIB8",Cryo-EM map of Candida albicans 80S ribosome in complex with phyllanthoside,2.64,EMD-13744,7q0f,"O42817,A0A1D8PLC9,Q5AJ93,P9WER7,A0A1D8PN83,A0A1D8PI15,A0A1D8PK22,A0A1D8PQN0,A0A1D8PG16,A0A1D8PK71,A0A1D8PF57,Q5A7K0,A0A1D8PFG4,A0A1D8PPE0,A0A1D8PNQ6,A0A1D8PK40,Q5A900,Q5A389,A0A1D8PDU3,A0A1D8PM75,Q5ALV6,Q5AGZ7,A0A1D8PDT4,O59931,A0A1D8PL99,A0A1D8PH21,A0A1D8PCX8,Q5A6R1,A0A1D8PSC5,A0A1D8PGY8,A0A1D8PDT3,A0A1D8PK61,Q5ANA1,A0A1D8PTR4,Q59LS1,P83774,A0A1D8PSV5,Q5ADQ6,Q59T44,P40910,A0A1D8PCW6,Q5A109,A0A1D8PPS1,A0A1D8PCG7,A0A1D8PCI6,Q96W54,A0A1D8PTI7,A0A1D8PPN6,Q5AG43,A0A1D8PSK2,A0A1D8PEY9,A0A1D8PF45,A0A1D8PQQ5,Q5AIB8","O42817,A0A1D8PLC9,Q5AJ93,A0A1D8PK22,A0A1D8PN83,A0A1D8PI15,A0A1D8PQN0,A0A1D8PG16,A0A1D8PK71,A0A1D8PF57,Q5A7K0,A0A1D8PFG4,A0A1D8PPE0,A0A1D8PNQ6,A0A1D8PK40,Q5A900,Q5A389,A0A1D8PDU3,A0A1D8PM75,Q5ALV6,Q5AGZ7,A0A1D8PDT4,O59931,A0A1D8PL99,A0A1D8PH21,A0A1D8PCX8,Q5A6R1,A0A1D8PSC5,A0A1D8PGY8,A0A1D8PDT3,A0A1D8PK61,Q5ANA1,A0A1D8PTR4,Q59LS1,P83774,A0A1D8PSV5,Q5ADQ6,Q59T44,P40910,A0A1D8PCW6,Q5A109,A0A1D8PPS1,A0A1D8PCG7,A0A1D8PCI6,Q96W54,A0A1D8PTI7,A0A1D8PPN6,Q5AG43,A0A1D8PSK2,A0A1D8PEY9,A0A1D8PF45,A0A1D8PQQ5,Q5AIB8",0.521,0.928,0.3
"P05738,P05740,P05749,Q02753,P38061,P05317,A0A6A5PWR1,P0C2H8,A0A6A5Q275,P05737,P04456,P87262,Q12690,Q04781,P04650,P04449,A0A8H4F709,P14120,A0A6A5PUZ5,P05745,P49167,P0CX49,P0CX84,A0A6A5Q0W8,P05739,P0CX41,P0CX86,P0CX43,P49166,Q12522,P0CX45,P0CX27,P05744,P0CX82,P0CX25,A0A6A5Q627,P10664,P05748,P36105,P0C2H6,P23301,P17076,P0C0W9,P05743,P0CH08,P02406,P26784,P0CX23",Yeast RQC complex in state H,2.6,EMD-15425,8agv,"P05738,P05740,P05749,Q02753,P38061,P05317,A0A6A5PWR1,P0C2H8,A0A6A5Q275,P05737,P04456,P87262,Q12690,Q04781,P04650,P04449,A0A8H4F709,P14120,A0A6A5PUZ5,P05745,P49167,P0CX49,P0CX84,A0A6A5Q0W8,P05739,P0CX41,P0CX86,P0CX43,P49166,Q12522,P0CX45,P0CX27,P05744,P0CX82,P0CX25,A0A6A5Q627,P10664,P05748,P36105,P0C2H6,P23301,P17076,P0C0W9,P05743,P0CH08,P02406,P26784,P0CX23","P05738,P05740,P05749,Q02753,P38061,P05317,A0A6A5PWR1,P0C2H8,A0A6A5Q275,P05737,P04456,P87262,Q12690,Q04781,P04650,P04449,P14120,A0A6A5PUZ5,P05745,P49167,P0CX49,P0CX84,A0A6A5Q0W8,P05739,P0CX41,P0CX86,P0CX43,P49166,Q12522,P0CX45,P0CX27,P05744,P0CX82,P0CX25,A0A6A5Q627,P10664,P05748,P36105,P0C2H6,P23301,P17076,P0C0W9,P05743,P0CH08,P02406,P26784,P0CX23",0.503,0.911,0.4
"P05738,P05740,P05749,Q02753,P38061,P05317,A0A6A5PWR1,P0C2H8,A0A6A5Q275,P05737,P04456,P87262,Q12690,Q04781,P04650,P04449,A0A8H4F709,P14120,A0A6A5PUZ5,P05745,P49167,P0CX49,P0CX84,A0A6A5Q0W8,P05739,P0CX41,P0CX86,P0CX43,P49166,Q12522,P0CX45,P0CX27,P05744,P0CX82,P0CX25,A0A6A5Q627,P10664,P05748,P36105,P0C2H6,P23301,P17076,P0C0W9,P05743,P0CH08,P02406,P26784,P0CX23",Yeast RQC complex in state with the RING domain of Ltn1 in the OUT position,2.6,EMD-15428,8agz,"P05738,P05740,P05749,Q02753,P38061,P05317,A0A6A5PWR1,P0C2H8,A0A6A5Q275,P05737,P04456,P87262,Q12690,Q04781,P04650,P04449,A0A8H4F709,P14120,A0A6A5PUZ5,P05745,P49167,P0CX49,P0CX84,A0A6A5Q0W8,P05739,P0CX41,P0CX86,P0CX43,P49166,Q12522,P0CX45,P0CX27,P05744,P0CX82,P0CX25,A0A6A5Q627,P10664,P05748,P36105,P0C2H6,P23301,P17076,P0C0W9,P05743,P0CH08,P02406,P26784,P0CX23","P05738,P05740,P05749,Q02753,P38061,P05317,A0A6A5PWR1,P0C2H8,A0A6A5Q275,P05737,P04456,P87262,Q12690,Q04781,P04650,P04449,P14120,A0A6A5PUZ5,P05745,P49167,P0CX49,P0CX84,A0A6A5Q0W8,P05739,P0CX41,P0CX86,P0CX43,P49166,Q12522,P0CX45,P0CX27,P05744,P0CX82,P0CX25,A0A6A5Q627,P10664,P05748,P36105,P0C2H6,P23301,P17076,P0C0W9,P05743,P0CH08,P02406,P26784,P0CX23",0.512,0.919,0.4
"P05738,P05740,P05749,Q02753,P38061,P0C2H8,Q06709,P05737,P04456,P87262,Q12690,P04650,P04449,Q02326,P05747,P14120,P05745,P53145,P49167,P0CX49,P14126,P0CX84,P26785,P41805,P0CX41,P38861,P49166,Q12522,P0CX45,P0CX27,P05744,P26321,P0CX82,P0CX25,P10664,P36105,P05748,P0C2H6,P17076,P0C0W9,P05743,P0CH08,P02406,P0CX23",Cryo-EM structures of Lsg1-TAP pre-60S ribosomal particles,3.3,EMD-4884,6ri5,"P05738,P05740,P05749,Q02753,P38061,P0C2H8,Q06709,P05737,P04456,P87262,Q12690,P04650,P04449,Q02326,P05747,P14120,P05745,P53145,P49167,P0CX49,P14126,P0CX84,P26785,P41805,P0CX41,P38861,P49166,Q12522,P0CX45,P0CX27,P05744,P26321,P0CX82,P0CX25,P10664,P36105,P05748,P0C2H6,P17076,P0C0W9,P05743,P0CH08,P02406,P0CX23","P05738,P05740,P05749,Q02753,P38061,P0C2H8,Q06709,P05737,P04456,P87262,Q12690,P04650,P04449,Q02326,P05747,P14120,P05745,P53145,P49167,P0CX49,P14126,P0CX84,P26785,P41805,P0CX41,P38861,P49166,Q12522,P0CX45,P0CX27,P05744,P26321,P0CX82,P0CX25,P10664,P36105,P05748,P0C2H6,P17076,P0C0W9,P05743,P0CH08,P02406,P0CX23",0.439,0.778,0.06
"P05738,P05740,P05749,Q02753,P38061,P0C2H8,Q06709,P05737,P04456,P87262,Q12690,P04650,P04449,Q02326,P05747,P14120,P05745,P53145,P49167,P0CX49,P14126,P0CX84,P26785,P41805,P0CX41,P38861,P49166,Q12522,P0CX45,P0CX27,P05744,P26321,P0CX82,P0CX25,P10664,P36105,P05748,P0C2H6,P17076,P0C0W9,P05743,P0CH08,P02406,P0CX23",Cryo-EM structures of Lsg1-TAP pre-60S ribosomal particles,3.5,EMD-4636,6qtz,"P05738,P05740,P05749,Q02753,P38061,P0C2H8,Q06709,P05737,P04456,P87262,Q12690,P04650,P04449,Q02326,P05747,P14120,P05745,P53145,P49167,P0CX49,P14126,P0CX84,P26785,P41805,P0CX41,P38861,P49166,Q12522,P0CX45,P0CX27,P05744,P26321,P0CX82,P0CX25,P10664,P36105,P05748,P0C2H6,P17076,P0C0W9,P05743,P0CH08,P02406,P0CX23","P05738,P05740,P05749,Q02753,P38061,P0C2H8,Q06709,P05737,P04456,P87262,Q12690,P04650,P04449,Q02326,P05747,P14120,P05745,P53145,P49167,P0CX49,P14126,P0CX84,P26785,P41805,P0CX41,P38861,P49166,Q12522,P0CX45,P0CX27,P05744,P26321,P0CX82,P0CX25,P10664,P36105,P05748,P0C2H6,P17076,P0C0W9,P05743,P0CH08,P02406,P0CX23",0.463,0.793,0.07
"P05738,P05740,Q02892,P05749,P38061,Q02753,P0C2H8,P05737,P04456,P87262,Q12690,P04650,P05747,P14120,P33201,P05745,P38202,P0CX23,P49167,P0CX84,P14126,P0CX49,P0CX41,P38861,Q07915,P49166,Q12522,P0CX45,P0CX27,P05744,P26321,P0CX25,P0CX82,P10664,P36105,P05748,P0C2H6,P17076,P0C0W9,Q08004,P05743,P02406,P26784,Q02326",Cryo-EM structure of early cytoplasmic-immediate (ECI) pre-60S ribosomal subunit,3.6,EMD-0370,6n8k,"P05738,P05740,Q02892,P05749,P38061,Q02753,P0C2H8,P05737,P04456,P87262,Q12690,P04650,P05747,P14120,P33201,P05745,P38202,P0CX23,P49167,P0CX84,P14126,P0CX49,P0CX41,P38861,Q07915,P49166,Q12522,P0CX45,P0CX27,P05744,P26321,P0CX25,P0CX82,P10664,P36105,P05748,P0C2H6,P17076,P0C0W9,Q08004,P05743,P02406,P26784,Q02326","P05738,P05740,Q02892,P05749,P38061,Q02753,P0C2H8,P05737,P04456,P87262,Q12690,P04650,P05747,P14120,P33201,P05745,P38202,P0CX23,P49167,P0CX84,P14126,P0CX49,P0CX41,P38861,Q07915,P49166,Q12522,P0CX45,P0CX27,P05744,P26321,P0CX25,P0CX82,P10664,P36105,P05748,P0C2H6,P17076,P0C0W9,Q08004,P05743,P02406,P26784,Q02326",0.465,0.856,0.02
"P05738,P05740,Q02892,P05749,P38061,Q02753,P0C2H8,P05737,P04456,P87262,Q12690,P04650,P05747,P14120,P33201,P05745,P38202,P0CX23,P49167,P0CX84,P14126,P0CX49,P0CX41,P38861,Q07915,P49166,Q12522,P0CX45,P0CX27,P05744,P26321,P0CX25,P0CX82,P10664,P36105,P05748,P0C2H6,P17076,P0C0W9,Q08004,P05743,P02406,P26784,Q02326",Cryo-EM structure of early cytoplasmic-late (ECL) pre-60S ribosomal subunit,3.6,EMD-0371,6n8l,"P05738,P05740,Q02892,P05749,P38061,Q02753,P0C2H8,P05737,P04456,P87262,Q12690,P04650,P05747,P14120,P33201,P05745,P38202,P0CX23,P49167,P0CX84,P14126,P0CX49,P0CX41,P38861,Q07915,P49166,Q12522,P0CX45,P0CX27,P05744,P26321,P0CX25,P0CX82,P10664,P36105,P05748,P0C2H6,P17076,P0C0W9,Q08004,P05743,P02406,P26784,Q02326","P05738,P05740,Q02892,P05749,P38061,Q02753,P0C2H8,P05737,P04456,P87262,Q12690,P04650,P05747,P14120,P33201,P05745,P38202,P0CX23,P49167,P0CX84,P14126,P0CX49,P0CX41,P38861,Q07915,P49166,Q12522,P0CX45,P0CX27,P05744,P26321,P0CX25,P0CX82,P10664,P36105,P05748,P0C2H6,P17076,P0C0W9,Q08004,P05743,P02406,P26784,Q02326",0.472,0.862,0.02
"P05738,P05740,Q3E757,P05749,Q02753,P38061,P05317,Q04311,P0C2H8,P05737,P04456,P87262,Q12690,P04650,P04449,P05747,P14120,Q02326,P05745,P49167,P0CX49,P0CX84,P41805,P14126,P0CX41,P0CX43,P49166,Q12522,P0CX45,P0CX27,P05744,P26321,P0CX82,P0CX25,P10664,P36105,P05748,P0C2H6,P17076,P0CH08,P05743,P02406,P26784,P0CX53,P0CX23",Yeast Vms1 (Q295L)-60S ribosomal subunit complex (pre-state without Arb1),3.4,EMD-4753,6r87,"P05738,P05740,Q3E757,P05749,Q02753,P38061,P05317,Q04311,P0C2H8,P05737,P04456,P87262,Q12690,P04650,P04449,P05747,P14120,Q02326,P05745,P49167,P0CX49,P0CX84,P41805,P14126,P0CX41,P0CX43,P49166,Q12522,P0CX45,P0CX27,P05744,P26321,P0CX82,P0CX25,P10664,P36105,P05748,P0C2H6,P17076,P0CH08,P05743,P02406,P26784,P0CX53,P0CX23","P05738,P05740,Q3E757,P05749,Q02753,P38061,P05317,Q04311,P0C2H8,P05737,P04456,P87262,Q12690,P04650,P04449,P05747,P14120,Q02326,P05745,P49167,P0CX49,P0CX84,P41805,P14126,P0CX41,P0CX43,P49166,Q12522,P0CX45,P0CX27,P05744,P26321,P0CX82,P0CX25,P10664,P36105,P05748,P0C2H6,P17076,P0CH08,P05743,P02406,P26784,P0CX53,P0CX23",0.455,0.924,0.025
"P05738,P05740,Q3E757,P05749,Q02753,P38061,P05317,Q04311,P0C2H8,P05737,P04456,P87262,Q12690,P04650,P04449,P05747,P14120,Q02326,P05745,P49167,P0CX49,P0CX84,P41805,P14126,P0CX41,P0CX43,P49166,Q12522,P0CX45,P0CX27,P05744,P26321,P0CX82,P0CX25,P10664,P36105,P05748,P0C2H6,P17076,P0CH08,P05743,P02406,P26784,P0CX53,P0CX23",Yeast Vms1-60S ribosomal subunit complex (post-state),3.4,EMD-4752,6r86,"P05738,P05740,Q3E757,P05749,Q02753,P38061,P05317,Q04311,P0C2H8,P05737,P04456,P87262,Q12690,P04650,P04449,P05747,P14120,Q02326,P05745,P49167,P0CX49,P0CX84,P41805,P14126,P0CX41,P0CX43,P49166,Q12522,P0CX45,P0CX27,P05744,P26321,P0CX82,P0CX25,P10664,P36105,P05748,P0C2H6,P17076,P0CH08,P05743,P02406,P26784,P0CX53,P0CX23","P05738,P05740,Q3E757,P05749,Q02753,P38061,P05317,Q04311,P0C2H8,P05737,P04456,P87262,Q12690,P04650,P04449,P05747,P14120,Q02326,P05745,P49167,P0CX49,P0CX84,P41805,P14126,P0CX41,P0CX43,P49166,Q12522,P0CX45,P0CX27,P05744,P26321,P0CX82,P0CX25,P10664,P36105,P05748,P0C2H6,P17076,P0CH08,P05743,P02406,P26784,P0CX53,P0CX23",0.462,0.918,0.025
"P05738,P38779,P40078,P05740,Q02892,A0A6A5Q4U5,A6ZQK9,Q02753,P05749,A0A6A5PUZ0,P38061,P0C2H8,P05737,A0A6A5PVK5,P04456,P87262,P53927,A0A6A5Q1D2,Q12690,P04650,P33201,P14120,P05745,Q12080,P38202,P0CX23,P49167,P14126,P0CX49,P0CX84,Q03862,P0CX41,Q07915,P49166,P40693,Q12522,P0CX45,P05744,P26321,P0CX82,P53261,P0CX25,P53742,P10664,P36105,P05748,P0C2H6,P40010,P17076,P0C0W9,Q08004,P05743,P02406,P26784,P0CX53,Q02326",Nucleoplasmic pre-60S intermediate of the Nog2 containing pre-rotation state,2.34,EMD-26651,7uoo,"P05738,P38779,P40078,P05740,Q02892,A0A6A5Q4U5,A6ZQK9,Q02753,P05749,A0A6A5PUZ0,P38061,P0C2H8,P05737,A0A6A5PVK5,P04456,P87262,P53927,A0A6A5Q1D2,Q12690,P04650,P33201,P14120,P05745,Q12080,P38202,P0CX23,P49167,P14126,P0CX49,P0CX84,Q03862,P0CX41,Q07915,P49166,P40693,Q12522,P0CX45,P05744,P26321,P0CX82,P53261,P0CX25,P53742,P10664,P36105,P05748,P0C2H6,P40010,P17076,P0C0W9,Q08004,P05743,P02406,P26784,P0CX53,Q02326","P05738,P38779,P40078,P05740,Q02892,A0A6A5Q4U5,A6ZQK9,Q02753,P05749,A0A6A5PUZ0,P38061,P0C2H8,P05737,A0A6A5PVK5,P04456,P87262,P53927,A0A6A5Q1D2,Q12690,P04650,P33201,P14120,P05745,Q12080,P38202,P0CX23,P49167,P14126,P0CX49,P0CX84,Q03862,P0CX41,Q07915,P49166,P40693,Q12522,P0CX45,P05744,P26321,P0CX82,P53261,P0CX25,P53742,P10664,P36105,P05748,P0C2H6,P40010,P17076,P0C0W9,Q08004,P05743,P02406,P26784,P0CX53,Q02326",0.633,0.694,0.025
"P05738,P38779,P40078,P05740,Q02892,A0A6A5Q4U5,A6ZQK9,Q02753,P05749,A0A6A5PUZ0,P38061,P0C2H8,P05737,A0A6A5PVK5,P04456,P87262,P53927,A0A6A5Q1D2,Q12690,P04650,P33201,P14120,P05745,Q12080,P38202,P0CX23,P49167,P14126,P0CX49,P0CX84,Q03862,P0CX41,Q07915,P49166,P40693,Q12522,P0CX45,P05744,P26321,P0CX82,P53261,P0CX25,P53742,P10664,P36105,P05748,P0C2H6,P40010,P17076,P0C0W9,Q08004,P05743,P02406,P26784,P0CX53,Q02326",Nucleoplasmic pre-60S intermediate of the Nog2 containing pre-rotation state from a SPB1 D52A strain,2.44,EMD-26703,7uqz,"P05738,P38779,P40078,P05740,Q02892,A0A6A5Q4U5,A6ZQK9,Q02753,P05749,A0A6A5PUZ0,P38061,P0C2H8,P05737,A0A6A5PVK5,P04456,P87262,P53927,A0A6A5Q1D2,Q12690,P04650,P33201,P14120,P05745,Q12080,P38202,P0CX23,P49167,P14126,P0CX49,P0CX84,Q03862,P0CX41,Q07915,P49166,P40693,Q12522,P0CX45,P05744,P26321,P0CX82,P53261,P0CX25,P53742,P10664,P36105,P05748,P0C2H6,P40010,P17076,P0C0W9,Q08004,P05743,P02406,P26784,P0CX53,Q02326","P05738,P38779,P40078,P05740,Q02892,A0A6A5Q4U5,A6ZQK9,Q02753,P05749,A0A6A5PUZ0,P38061,P0C2H8,P05737,A0A6A5PVK5,P04456,P87262,P53927,A0A6A5Q1D2,Q12690,P04650,P33201,P14120,P05745,Q12080,P38202,P0CX23,P49167,P14126,P0CX49,P0CX84,Q03862,P0CX41,Q07915,P49166,P40693,Q12522,P0CX45,P05744,P26321,P0CX82,P53261,P0CX25,P53742,P10664,P36105,P05748,P0C2H6,P40010,P17076,P0C0W9,Q08004,P05743,P02406,P26784,P0CX53,Q02326",0.608,0.679,0.032
"P05738,P38779,P40078,P05740,Q02892,A0A6A5Q4U5,A6ZQK9,Q02753,P05749,A0A6A5PUZ0,P38061,P0C2H8,P05737,A0A6A5PVK5,P04456,P87262,P53927,A0A6A5Q1D2,Q12690,P04650,P33201,P14120,P05745,Q12080,P38202,P0CX23,P49167,P14126,P0CX49,P0CX84,Q03862,P0CX41,Q07915,P49166,P40693,Q12522,P0CX45,P05744,P26321,P0CX82,P53261,P0CX25,P53742,P10664,P36105,P05748,P0C2H6,P40010,P17076,P0C0W9,Q08004,P05743,P02406,P26784,P0CX53,Q02326",Nucleoplasmic pre-60S intermediate of the Nog2 containing pre-rotation state from a SPB1-D52A strain with AlF4,2.43,EMD-26686,7uqb,"P05738,P38779,P40078,P05740,Q02892,A0A6A5Q4U5,A6ZQK9,Q02753,P05749,A0A6A5PUZ0,P38061,P0C2H8,P05737,A0A6A5PVK5,P04456,P87262,P53927,A0A6A5Q1D2,Q12690,P04650,P33201,P14120,P05745,Q12080,P38202,P0CX23,P49167,P14126,P0CX49,P0CX84,Q03862,P0CX41,Q07915,P49166,P40693,Q12522,P0CX45,P05744,P26321,P0CX82,P53261,P0CX25,P53742,P10664,P36105,P05748,P0C2H6,P40010,P17076,P0C0W9,Q08004,P05743,P02406,P26784,P0CX53,Q02326","P05738,P38779,P40078,P05740,Q02892,A0A6A5Q4U5,A6ZQK9,Q02753,P05749,A0A6A5PUZ0,P38061,P0C2H8,P05737,A0A6A5PVK5,P04456,P87262,P53927,A0A6A5Q1D2,Q12690,P04650,P33201,P14120,P05745,Q12080,P38202,P0CX23,P49167,P14126,P0CX49,P0CX84,Q03862,P0CX41,Q07915,P49166,P40693,Q12522,P0CX45,P05744,P26321,P0CX82,P53261,P0CX25,P53742,P10664,P36105,P05748,P0C2H6,P40010,P17076,P0C0W9,Q08004,P05743,P02406,P26784,P0CX53,Q02326",0.621,0.816,0.032
"P34087,P27999,P53063,P20433,Q02792,P20435,P20436,P27692,P20434,P38902,P40422,P08518,P04050,P16370,P22139",Cryo-EM structure of yeast Rat1-bound Pol II pre-termination transcription complex 2 (Pol II Rat1-PTTC2),2.8,EMD-36908,8k5p,"P34087,P27999,P53063,P20433,Q02792,P20435,P20436,P27692,P20434,P38902,P40422,P08518,P04050,P16370,P22139","P34087,P27999,P53063,P20433,Q02792,P20435,P20436,P27692,P20434,P38902,P40422,P08518,P04050,P16370,P22139",0.412,0.878,0.15
"P34087,P27999,P53063,P20433,Q02792,P20435,P20436,P27692,P20434,P38902,P40422,P08518,P04050,P16370,P22139",Cryo-EM structure of yeast Rat1-bound Pol II pre-termination transcription complex 1 (Pol II Rat1-PTTC1),2.7,EMD-36162,8jch,"P34087,P27999,P53063,P20433,Q02792,P20435,P20436,P27692,P20434,P38902,P40422,P08518,P04050,P16370,P22139","P34087,P27999,P53063,P20433,Q02792,P20435,P20436,P27692,P20434,P38902,P40422,P08518,P04050,P16370,P22139",0.403,0.83,0.15
"P38011,P05738,P05740,A0A6A5Q7I9,P0CX29,P05749,Q02753,P06367,A0A6A5PWR1,A0A6A5PSE9,P0CX51,A0A6A5Q8I3,P0C2H8,P05737,P0CX55,P07280,P0CX33,P0CX35,P04456,P87262,A0A1L4AA68,Q12690,P0CX39,P04650,A0A6A5PUZ5,P14120,Q08745,A0A6A5Q3W0,A0A6A5PY83,B3LMD0,A0A6A5Q1M9,P26786,P05745,P0CX47,A0A6A5PV92,P14126,P0CX49,A0A6A5Q0W8,P0CX84,P32905,A0A6A5Q0E8,A0A6A5PUL8,A0A6A5Q3Q1,P0CX41,P0CX86,P49166,A0A6A5PWF7,P0CX37,P0CX45,P0CX27,P05744,A0A6A5Q700,P35997,P0CX82,P0CX25,P05756,A0A6A5PRY4,O13516,P36105,A0A6A5PZ18,P0C0V8,P05748,P0C2H6,P17076,P02407,A0A6A5PVE9,P05743,A0A6A5Q6F2,P0CH08,P0CX31,P02406,A0A6A5PU37,P26784,Q02326","Hypomethylated yeast 80S bound with cycloheximide, unmodified U2921, mid rotated",2.88,EMD-40993,8t30,"P38011,P05738,P05740,A0A6A5Q7I9,P0CX29,P05749,Q02753,P06367,A0A6A5PWR1,A0A6A5PSE9,P0CX51,A0A6A5Q8I3,P0C2H8,P05737,P0CX55,P07280,P0CX33,P0CX35,P04456,P87262,A0A1L4AA68,Q12690,P0CX39,P04650,A0A6A5PUZ5,P14120,Q08745,A0A6A5Q3W0,A0A6A5PY83,B3LMD0,A0A6A5Q1M9,P26786,P05745,P0CX47,A0A6A5PV92,P14126,P0CX49,A0A6A5Q0W8,P0CX84,P32905,A0A6A5Q0E8,A0A6A5PUL8,A0A6A5Q3Q1,P0CX41,P0CX86,P49166,A0A6A5PWF7,P0CX37,P0CX45,P0CX27,P05744,A0A6A5Q700,P35997,P0CX82,P0CX25,P05756,A0A6A5PRY4,O13516,P36105,A0A6A5PZ18,P0C0V8,P05748,P0C2H6,P17076,P02407,A0A6A5PVE9,P05743,A0A6A5Q6F2,P0CH08,P0CX31,P02406,A0A6A5PU37,P26784,Q02326","P38011,P05738,P05740,A0A6A5Q7I9,P0CX29,P05749,Q02753,P06367,A0A6A5PWR1,A0A6A5PSE9,P0CX51,A0A6A5Q8I3,P0C2H8,P05737,P0CX55,P07280,P0CX33,P0CX35,P04456,P87262,A0A1L4AA68,Q12690,P0CX39,P04650,A0A6A5PUZ5,P14120,Q08745,A0A6A5Q3W0,A0A6A5PY83,B3LMD0,A0A6A5Q1M9,P26786,P05745,P0CX47,A0A6A5PV92,P14126,P0CX49,A0A6A5Q0W8,P0CX84,P32905,A0A6A5Q0E8,A0A6A5PUL8,A0A6A5Q3Q1,P0CX41,P0CX86,P49166,A0A6A5PWF7,P0CX37,P0CX45,P0CX27,P05744,A0A6A5Q700,P35997,P0CX82,P0CX25,P05756,A0A6A5PRY4,O13516,P36105,A0A6A5PZ18,P0C0V8,P05748,P0C2H6,P17076,P02407,A0A6A5PVE9,P05743,A0A6A5Q6F2,P0CH08,P0CX31,P02406,A0A6A5PU37,P26784,Q02326",0.477,0.792,0.7
"P38011,P05738,P05740,A0A6A5Q7I9,P0CX29,P05749,Q02753,P06367,A0A6A5PWR1,A0A6A5PSE9,P0CX51,A0A6A5Q8I3,P0C2H8,P05737,P0CX55,P07280,P0CX33,P0CX35,P04456,P87262,A0A1L4AA68,Q12690,P0CX39,P04650,A0A6A5PUZ5,P14120,Q08745,A0A6A5Q3W0,A0A6A5PY83,B3LMD0,A0A6A5Q1M9,P26786,P05745,P0CX47,A0A6A5PV92,P14126,P0CX49,A0A6A5Q0W8,P0CX84,P32905,A0A6A5Q0E8,A0A6A5PUL8,A0A6A5Q3Q1,P0CX41,P0CX86,P49166,A0A6A5PWF7,P0CX37,P0CX45,P0CX27,P05744,A0A6A5Q700,P35997,P0CX82,P0CX25,P05756,A0A6A5PRY4,O13516,P36105,A0A6A5PZ18,P0C0V8,P05748,P0C2H6,P17076,P02407,A0A6A5PVE9,P05743,A0A6A5Q6F2,P0CH08,P0CX31,P02406,A0A6A5PU37,P26784,Q02326","Hypomethylated yeast 80S bound with cycloheximide, P-site tRNA, and A-site tRNA, messenger RNA, POST",2.4,EMD-40992,8t2z,"P38011,P05738,P05740,A0A6A5Q7I9,P0CX29,P05749,Q02753,P06367,A0A6A5PWR1,A0A6A5PSE9,P0CX51,A0A6A5Q8I3,P0C2H8,P05737,P0CX55,P07280,P0CX33,P0CX35,P04456,P87262,A0A1L4AA68,Q12690,P0CX39,P04650,A0A6A5PUZ5,P14120,Q08745,A0A6A5Q3W0,A0A6A5PY83,B3LMD0,A0A6A5Q1M9,P26786,P05745,P0CX47,A0A6A5PV92,P14126,P0CX49,A0A6A5Q0W8,P0CX84,P32905,A0A6A5Q0E8,A0A6A5PUL8,A0A6A5Q3Q1,P0CX41,P0CX86,P49166,A0A6A5PWF7,P0CX37,P0CX45,P0CX27,P05744,A0A6A5Q700,P35997,P0CX82,P0CX25,P05756,A0A6A5PRY4,O13516,P36105,A0A6A5PZ18,P0C0V8,P05748,P0C2H6,P17076,P02407,A0A6A5PVE9,P05743,A0A6A5Q6F2,P0CH08,P0CX31,P02406,A0A6A5PU37,P26784,Q02326","P38011,P05738,P05740,A0A6A5Q7I9,P0CX29,P05749,Q02753,P06367,A0A6A5PWR1,A0A6A5PSE9,P0CX51,A0A6A5Q8I3,P0C2H8,P05737,P0CX55,P07280,P0CX33,P0CX35,P04456,P87262,A0A1L4AA68,Q12690,P0CX39,P04650,A0A6A5PUZ5,P14120,Q08745,A0A6A5Q3W0,A0A6A5PY83,B3LMD0,A0A6A5Q1M9,P26786,P05745,P0CX47,A0A6A5PV92,P14126,P0CX49,A0A6A5Q0W8,P0CX84,P32905,A0A6A5Q0E8,A0A6A5PUL8,A0A6A5Q3Q1,P0CX41,P0CX86,P49166,A0A6A5PWF7,P0CX37,P0CX45,P0CX27,P05744,A0A6A5Q700,P35997,P0CX82,P0CX25,P05756,A0A6A5PRY4,O13516,P36105,A0A6A5PZ18,P0C0V8,P05748,P0C2H6,P17076,P02407,A0A6A5PVE9,P05743,A0A6A5Q6F2,P0CH08,P0CX31,P02406,A0A6A5PU37,P26784,Q02326",0.577,0.874,0.7
"P38011,P05738,P05740,A0A6A5Q7I9,P0CX29,P05749,Q02753,P06367,A0A6A5PWR1,A0A6A5PSE9,P0CX51,A0A6A5Q8I3,P0C2H8,P05737,P0CX55,P07280,P0CX33,P0CX35,P04456,P87262,A0A1L4AA68,Q12690,P0CX39,P04650,A0A6A5PUZ5,P14120,Q08745,A0A6A5Q3W0,A0A6A5PY83,B3LMD0,A0A6A5Q1M9,P26786,P05745,P0CX47,A0A6A5PV92,P14126,P0CX49,A0A6A5Q0W8,P0CX84,P32905,A0A6A5Q0E8,A0A6A5PUL8,A0A6A5Q3Q1,P0CX41,P0CX86,P49166,A0A6A5PWF7,P0CX37,P0CX45,P0CX27,P05744,A0A6A5Q700,P35997,P0CX82,P0CX25,P05756,A0A6A5PRY4,O13516,P36105,A0A6A5PZ18,P0C0V8,P05748,P0C2H6,P17076,P02407,A0A6A5PVE9,P05743,A0A6A5Q6F2,P0CH08,P0CX31,P02406,A0A6A5PU37,P26784,Q02326","Hypomethylated yeast 80S bound with cycloheximide, P-site tRNA, and A-site tRNA, messenger RNA, PRE",2.2,EMD-40991,8t2y,"P38011,P05738,P05740,A0A6A5Q7I9,P0CX29,P05749,Q02753,P06367,A0A6A5PWR1,A0A6A5PSE9,P0CX51,A0A6A5Q8I3,P0C2H8,P05737,P0CX55,P07280,P0CX33,P0CX35,P04456,P87262,A0A1L4AA68,Q12690,P0CX39,P04650,A0A6A5PUZ5,P14120,Q08745,A0A6A5Q3W0,A0A6A5PY83,B3LMD0,A0A6A5Q1M9,P26786,P05745,P0CX47,A0A6A5PV92,P14126,P0CX49,A0A6A5Q0W8,P0CX84,P32905,A0A6A5Q0E8,A0A6A5PUL8,A0A6A5Q3Q1,P0CX41,P0CX86,P49166,A0A6A5PWF7,P0CX37,P0CX45,P0CX27,P05744,A0A6A5Q700,P35997,P0CX82,P0CX25,P05756,A0A6A5PRY4,O13516,P36105,A0A6A5PZ18,P0C0V8,P05748,P0C2H6,P17076,P02407,A0A6A5PVE9,P05743,A0A6A5Q6F2,P0CH08,P0CX31,P02406,A0A6A5PU37,P26784,Q02326","P38011,P05738,P05740,A0A6A5Q7I9,P0CX29,P05749,Q02753,P06367,A0A6A5PWR1,A0A6A5PSE9,P0CX51,A0A6A5Q8I3,P0C2H8,P05737,P0CX55,P07280,P0CX33,P0CX35,P04456,P87262,A0A1L4AA68,Q12690,P0CX39,P04650,A0A6A5PUZ5,P14120,Q08745,A0A6A5Q3W0,A0A6A5PY83,B3LMD0,A0A6A5Q1M9,P26786,P05745,P0CX47,A0A6A5PV92,P14126,P0CX49,A0A6A5Q0W8,P0CX84,P32905,A0A6A5Q0E8,A0A6A5PUL8,A0A6A5Q3Q1,P0CX41,P0CX86,P49166,A0A6A5PWF7,P0CX37,P0CX45,P0CX27,P05744,A0A6A5Q700,P35997,P0CX82,P0CX25,P05756,A0A6A5PRY4,O13516,P36105,A0A6A5PZ18,P0C0V8,P05748,P0C2H6,P17076,P02407,A0A6A5PVE9,P05743,A0A6A5Q6F2,P0CH08,P0CX31,P02406,A0A6A5PU37,P26784,Q02326",0.615,0.884,0.7
"P38011,P05738,P05740,A0A6A5Q7I9,P0CX29,P05749,Q02753,P06367,A0A6A5PWR1,A0A6A5PSE9,P0CX51,A0A6A5Q8I3,P0C2H8,P05737,P0CX55,P07280,P0CX33,P0CX35,P04456,P87262,A0A1L4AA68,Q12690,P0CX39,P04650,A0A6A5Q2N7,A0A6A5PUZ5,P14120,Q08745,A0A6A5Q3W0,A0A6A5PY83,B3LMD0,A0A6A5Q1M9,P26786,P05745,P0CX47,A0A6A5PV92,P14126,P0CX49,A0A6A5Q0W8,P0CX84,P32905,A0A6A5Q0E8,A0A6A5PUL8,A0A6A5Q3Q1,P0CX41,P0CX86,P49166,A0A6A5PWF7,P0CX37,P0CX45,P0CX27,P05744,A0A6A5Q700,P35997,P0CX82,P0CX25,P05756,A0A6A5PRY4,O13516,P36105,A0A6A5PZ18,P0C0V8,P05748,P0C2H6,P17076,P02407,A0A6A5PVE9,P05743,A0A6A5Q6F2,P0CH08,P0CX31,P02406,A0A6A5PU37,P26784,Q02326","Hypopseudouridylated yeast 80S bound with Taura syndrome virus (TSV) internal ribosome entry site (IRES), Structure II",2.45,EMD-28643,8ewc,"P38011,P05738,P05740,A0A6A5Q7I9,P0CX29,P05749,Q02753,P06367,A0A6A5PWR1,A0A6A5PSE9,P0CX51,A0A6A5Q8I3,P0C2H8,P05737,P0CX55,P07280,P0CX33,P0CX35,P04456,P87262,A0A1L4AA68,Q12690,P0CX39,P04650,A0A6A5Q2N7,A0A6A5PUZ5,P14120,Q08745,A0A6A5Q3W0,A0A6A5PY83,B3LMD0,A0A6A5Q1M9,P26786,P05745,P0CX47,A0A6A5PV92,P14126,P0CX49,A0A6A5Q0W8,P0CX84,P32905,A0A6A5Q0E8,A0A6A5PUL8,A0A6A5Q3Q1,P0CX41,P0CX86,P49166,A0A6A5PWF7,P0CX37,P0CX45,P0CX27,P05744,A0A6A5Q700,P35997,P0CX82,P0CX25,P05756,A0A6A5PRY4,O13516,P36105,A0A6A5PZ18,P0C0V8,P05748,P0C2H6,P17076,P02407,A0A6A5PVE9,P05743,A0A6A5Q6F2,P0CH08,P0CX31,P02406,A0A6A5PU37,P26784,Q02326","P38011,P05738,P05740,A0A6A5Q7I9,P0CX29,P05749,Q02753,P06367,A0A6A5PWR1,A0A6A5PSE9,P0CX51,A0A6A5Q8I3,P0C2H8,P05737,P0CX55,P07280,P0CX33,P0CX35,P04456,P87262,A0A1L4AA68,Q12690,P0CX39,P04650,A0A6A5Q2N7,A0A6A5PUZ5,P14120,Q08745,A0A6A5Q3W0,A0A6A5PY83,B3LMD0,A0A6A5Q1M9,P26786,P05745,P0CX47,A0A6A5PV92,P14126,P0CX49,A0A6A5Q0W8,P0CX84,P32905,A0A6A5Q0E8,A0A6A5PUL8,A0A6A5Q3Q1,P0CX41,P0CX86,P49166,A0A6A5PWF7,P0CX37,P0CX45,P0CX27,P05744,A0A6A5Q700,P35997,P0CX82,P0CX25,P05756,A0A6A5PRY4,O13516,P36105,A0A6A5PZ18,P0C0V8,P05748,P0C2H6,P17076,P02407,A0A6A5PVE9,P05743,A0A6A5Q6F2,P0CH08,P0CX31,P02406,A0A6A5PU37,P26784,Q02326",0.532,0.856,0.6
"P38011,P05738,P05740,A0A6A5Q7I9,P0CX29,P05749,Q02753,P06367,A0A6A5PWR1,A0A6A5PSE9,P0CX51,A0A6A5Q8I3,P0C2H8,P05737,P0CX55,P07280,P0CX33,P0CX35,P04456,P87262,A0A1L4AA68,Q12690,P0CX39,P04650,A0A6A5Q2N7,A0A6A5PUZ5,P14120,Q08745,A0A6A5Q3W0,A0A6A5PY83,B3LMD0,A0A6A5Q1M9,P26786,P05745,P0CX47,A0A6A5PV92,P14126,P0CX49,A0A6A5Q0W8,P0CX84,P32905,A0A6A5Q0E8,A0A6A5PUL8,A0A6A5Q3Q1,P0CX41,P0CX86,P49166,A0A6A5PWF7,P0CX37,P0CX45,P0CX27,P05744,A0A6A5Q700,P35997,P0CX82,P0CX25,P05756,A0A6A5PRY4,O13516,P36105,A0A6A5PZ18,P0C0V8,P05748,P0C2H6,P17076,P02407,A0A6A5PVE9,P05743,A0A6A5Q6F2,P0CH08,P0CX31,P02406,A0A6A5PU37,P26784,Q02326",Hypopseudouridylated yeast 80S bound with Taura syndrome virus (TSV) internal ribosome entry site (IRES) refined against a composite map,2.2,EMD-28636,8evt,"P38011,P05738,P05740,A0A6A5Q7I9,P0CX29,P05749,Q02753,P06367,A0A6A5PWR1,A0A6A5PSE9,P0CX51,A0A6A5Q8I3,P0C2H8,P05737,P0CX55,P07280,P0CX33,P0CX35,P04456,P87262,A0A1L4AA68,Q12690,P0CX39,P04650,A0A6A5Q2N7,A0A6A5PUZ5,P14120,Q08745,A0A6A5Q3W0,A0A6A5PY83,B3LMD0,A0A6A5Q1M9,P26786,P05745,P0CX47,A0A6A5PV92,P14126,P0CX49,A0A6A5Q0W8,P0CX84,P32905,A0A6A5Q0E8,A0A6A5PUL8,A0A6A5Q3Q1,P0CX41,P0CX86,P49166,A0A6A5PWF7,P0CX37,P0CX45,P0CX27,P05744,A0A6A5Q700,P35997,P0CX82,P0CX25,P05756,A0A6A5PRY4,O13516,P36105,A0A6A5PZ18,P0C0V8,P05748,P0C2H6,P17076,P02407,A0A6A5PVE9,P05743,A0A6A5Q6F2,P0CH08,P0CX31,P02406,A0A6A5PU37,P26784,Q02326","P38011,P05738,P05740,A0A6A5Q7I9,P0CX29,P05749,Q02753,P06367,A0A6A5PWR1,A0A6A5PSE9,P0CX51,A0A6A5Q8I3,P0C2H8,P05737,P0CX55,P07280,P0CX33,P0CX35,P04456,P87262,A0A1L4AA68,Q12690,P0CX39,P04650,A0A6A5Q2N7,A0A6A5PUZ5,P14120,Q08745,A0A6A5Q3W0,A0A6A5PY83,B3LMD0,A0A6A5Q1M9,P26786,P05745,P0CX47,A0A6A5PV92,P14126,P0CX49,A0A6A5Q0W8,P0CX84,P32905,A0A6A5Q0E8,A0A6A5PUL8,A0A6A5Q3Q1,P0CX41,P0CX86,P49166,A0A6A5PWF7,P0CX37,P0CX45,P0CX27,P05744,A0A6A5Q700,P35997,P0CX82,P0CX25,P05756,A0A6A5PRY4,O13516,P36105,A0A6A5PZ18,P0C0V8,P05748,P0C2H6,P17076,P02407,A0A6A5PVE9,P05743,A0A6A5Q6F2,P0CH08,P0CX31,P02406,A0A6A5PU37,P26784,Q02326",0.626,0.839,1.1
"P38011,P05738,P05740,A0A6A5Q7I9,P0CX29,P05749,Q02753,P06367,A0A6A5PWR1,A0A6A5PSE9,P0CX51,A0A6A5Q8I3,P0C2H8,P05737,P0CX55,P07280,P0CX33,P0CX35,P04456,P87262,A0A1L4AA68,Q12690,P0CX39,P04650,A0A6A5Q2N7,P14120,Q08745,A0A6A5Q3W0,A0A6A5PY83,B3LMD0,A0A6A5Q1M9,P26786,P05745,P0CX47,A0A6A5PV92,P14126,P0CX49,A0A6A5Q0W8,P0CX84,P32905,A0A6A5Q0E8,A0A6A5PUL8,A0A6A5Q3Q1,P0CX41,P0CX86,P32324,P49166,A0A6A5PWF7,P0CX37,P0CX45,P0CX27,P05744,A0A6A5Q700,P35997,P0CX82,P0CX25,P05756,A0A6A5PRY4,O13516,P36105,A0A6A5PZ18,P0C0V8,P05748,P0C2H6,P17076,P02407,A0A6A5PVE9,P05743,A0A6A5Q6F2,P0CH08,P0CX31,P02406,A0A6A5PU37,P26784,Q02326","Hypomethylated yeast 80S bound with Taura syndrome virus (TSV) internal ribosome entry site (IRES), eEF2, GDP, and sordarin, Structure I",3.08,EMD-40998,8t3b,"P38011,P05738,P05740,A0A6A5Q7I9,P0CX29,P05749,Q02753,P06367,A0A6A5PWR1,A0A6A5PSE9,P0CX51,A0A6A5Q8I3,P0C2H8,P05737,P0CX55,P07280,P0CX33,P0CX35,P04456,P87262,A0A1L4AA68,Q12690,P0CX39,P04650,A0A6A5Q2N7,P14120,Q08745,A0A6A5Q3W0,A0A6A5PY83,B3LMD0,A0A6A5Q1M9,P26786,P05745,P0CX47,A0A6A5PV92,P14126,P0CX49,A0A6A5Q0W8,P0CX84,P32905,A0A6A5Q0E8,A0A6A5PUL8,A0A6A5Q3Q1,P0CX41,P0CX86,P32324,P49166,A0A6A5PWF7,P0CX37,P0CX45,P0CX27,P05744,A0A6A5Q700,P35997,P0CX82,P0CX25,P05756,A0A6A5PRY4,O13516,P36105,A0A6A5PZ18,P0C0V8,P05748,P0C2H6,P17076,P02407,A0A6A5PVE9,P05743,A0A6A5Q6F2,P0CH08,P0CX31,P02406,A0A6A5PU37,P26784,Q02326","P38011,P05738,P05740,A0A6A5Q7I9,P0CX29,P05749,Q02753,P06367,A0A6A5PWR1,A0A6A5PSE9,P0CX51,A0A6A5Q8I3,P0C2H8,P05737,P0CX55,P07280,P0CX33,P0CX35,P04456,P87262,A0A1L4AA68,Q12690,P0CX39,P04650,A0A6A5Q2N7,P14120,Q08745,A0A6A5Q3W0,A0A6A5PY83,B3LMD0,A0A6A5Q1M9,P26786,P05745,P0CX47,A0A6A5PV92,P14126,P0CX49,A0A6A5Q0W8,P0CX84,P32905,A0A6A5Q0E8,A0A6A5PUL8,A0A6A5Q3Q1,P0CX41,P0CX86,P32324,P49166,A0A6A5PWF7,P0CX37,P0CX45,P0CX27,P05744,A0A6A5Q700,P35997,P0CX82,P0CX25,P05756,A0A6A5PRY4,O13516,P36105,A0A6A5PZ18,P0C0V8,P05748,P0C2H6,P17076,P02407,A0A6A5PVE9,P05743,A0A6A5Q6F2,P0CH08,P0CX31,P02406,A0A6A5PU37,P26784,Q02326",0.414,0.755,0.3
"P38011,P05738,P05740,A0A6A5Q7I9,P0CX29,P05749,Q02753,P06367,A0A6A5PWR1,A0A6A5PSE9,P0CX51,A0A6A5Q8I3,P0C2H8,P05737,P0CX55,P07280,P0CX33,P0CX35,P04456,P87262,A0A1L4AA68,Q12690,P0CX39,P04650,A0A6A5Q2N7,P14120,Q08745,A0A6A5Q3W0,A0A6A5PY83,B3LMD0,A0A6A5Q1M9,P26786,P05745,P0CX47,A0A6A5PV92,P14126,P0CX49,A0A6A5Q0W8,P0CX84,P32905,A0A6A5Q0E8,A0A6A5PUL8,A0A6A5Q3Q1,P0CX41,P0CX86,P32324,P49166,A0A6A5PWF7,P0CX37,P0CX45,P0CX27,P05744,A0A6A5Q700,P35997,P0CX82,P0CX25,P05756,A0A6A5PRY4,O13516,P36105,A0A6A5PZ18,P0C0V8,P05748,P0C2H6,P17076,P02407,A0A6A5PVE9,P05743,A0A6A5Q6F2,P0CH08,P0CX31,P02406,A0A6A5PU37,P26784,Q02326","Hypomethylated yeast 80S bound with Taura syndrome virus (TSV) internal ribosome entry site (IRES), eEF2, GDP, and sordarin, Structure V",3.09,EMD-41002,8t3f,"P38011,P05738,P05740,A0A6A5Q7I9,P0CX29,P05749,Q02753,P06367,A0A6A5PWR1,A0A6A5PSE9,P0CX51,A0A6A5Q8I3,P0C2H8,P05737,P0CX55,P07280,P0CX33,P0CX35,P04456,P87262,A0A1L4AA68,Q12690,P0CX39,P04650,A0A6A5Q2N7,P14120,Q08745,A0A6A5Q3W0,A0A6A5PY83,B3LMD0,A0A6A5Q1M9,P26786,P05745,P0CX47,A0A6A5PV92,P14126,P0CX49,A0A6A5Q0W8,P0CX84,P32905,A0A6A5Q0E8,A0A6A5PUL8,A0A6A5Q3Q1,P0CX41,P0CX86,P32324,P49166,A0A6A5PWF7,P0CX37,P0CX45,P0CX27,P05744,A0A6A5Q700,P35997,P0CX82,P0CX25,P05756,A0A6A5PRY4,O13516,P36105,A0A6A5PZ18,P0C0V8,P05748,P0C2H6,P17076,P02407,A0A6A5PVE9,P05743,A0A6A5Q6F2,P0CH08,P0CX31,P02406,A0A6A5PU37,P26784,Q02326","P38011,P05738,P05740,A0A6A5Q7I9,P0CX29,P05749,Q02753,P06367,A0A6A5PWR1,A0A6A5PSE9,P0CX51,A0A6A5Q8I3,P0C2H8,P05737,P0CX55,P07280,P0CX33,P0CX35,P04456,P87262,A0A1L4AA68,Q12690,P0CX39,P04650,A0A6A5Q2N7,P14120,Q08745,A0A6A5Q3W0,A0A6A5PY83,B3LMD0,A0A6A5Q1M9,P26786,P05745,P0CX47,A0A6A5PV92,P14126,P0CX49,A0A6A5Q0W8,P0CX84,P32905,A0A6A5Q0E8,A0A6A5PUL8,A0A6A5Q3Q1,P0CX41,P0CX86,P32324,P49166,A0A6A5PWF7,P0CX37,P0CX45,P0CX27,P05744,A0A6A5Q700,P35997,P0CX82,P0CX25,P05756,A0A6A5PRY4,O13516,P36105,A0A6A5PZ18,P0C0V8,P05748,P0C2H6,P17076,P02407,A0A6A5PVE9,P05743,A0A6A5Q6F2,P0CH08,P0CX31,P02406,A0A6A5PU37,P26784,Q02326",0.423,0.768,0.3
"P38011,P05738,P05740,A0A6A5Q7I9,P0CX29,P05749,Q02753,P06367,A0A6A5PWR1,A0A6A5PSE9,P0CX51,A0A6A5Q8I3,P0C2H8,P05737,P0CX55,P07280,P0CX33,P0CX35,P04456,P87262,A0A1L4AA68,Q12690,P0CX39,P04650,A0A6A5Q2N7,P14120,Q08745,A0A6A5Q3W0,A0A6A5PY83,B3LMD0,A0A6A5Q1M9,P26786,P05745,P0CX47,A0A6A5PV92,P14126,P0CX49,A0A6A5Q0W8,P0CX84,P32905,A0A6A5Q0E8,A0A6A5PUL8,A0A6A5Q3Q1,P0CX41,P0CX86,P32324,P49166,A0A6A5PWF7,P0CX37,P0CX45,P0CX27,P05744,A0A6A5Q700,P35997,P0CX82,P0CX25,P05756,A0A6A5PRY4,O13516,P36105,A0A6A5PZ18,P0C0V8,P05748,P0C2H6,P17076,P02407,A0A6A5PVE9,P05743,A0A6A5Q6F2,P0CH08,P0CX31,P02406,A0A6A5PU37,P26784,Q02326","Hypomethylated yeast 80S bound with Taura syndrome virus (TSV) internal ribosome entry site (IRES), eEF2, GDP, and sordarin, Structure IV",3.04,EMD-41001,8t3e,"P38011,P05738,P05740,A0A6A5Q7I9,P0CX29,P05749,Q02753,P06367,A0A6A5PWR1,A0A6A5PSE9,P0CX51,A0A6A5Q8I3,P0C2H8,P05737,P0CX55,P07280,P0CX33,P0CX35,P04456,P87262,A0A1L4AA68,Q12690,P0CX39,P04650,A0A6A5Q2N7,P14120,Q08745,A0A6A5Q3W0,A0A6A5PY83,B3LMD0,A0A6A5Q1M9,P26786,P05745,P0CX47,A0A6A5PV92,P14126,P0CX49,A0A6A5Q0W8,P0CX84,P32905,A0A6A5Q0E8,A0A6A5PUL8,A0A6A5Q3Q1,P0CX41,P0CX86,P32324,P49166,A0A6A5PWF7,P0CX37,P0CX45,P0CX27,P05744,A0A6A5Q700,P35997,P0CX82,P0CX25,P05756,A0A6A5PRY4,O13516,P36105,A0A6A5PZ18,P0C0V8,P05748,P0C2H6,P17076,P02407,A0A6A5PVE9,P05743,A0A6A5Q6F2,P0CH08,P0CX31,P02406,A0A6A5PU37,P26784,Q02326","P38011,P05738,P05740,A0A6A5Q7I9,P0CX29,P05749,Q02753,P06367,A0A6A5PWR1,A0A6A5PSE9,P0CX51,A0A6A5Q8I3,P0C2H8,P05737,P0CX55,P07280,P0CX33,P0CX35,P04456,P87262,A0A1L4AA68,Q12690,P0CX39,P04650,A0A6A5Q2N7,P14120,Q08745,A0A6A5Q3W0,A0A6A5PY83,B3LMD0,A0A6A5Q1M9,P26786,P05745,P0CX47,A0A6A5PV92,P14126,P0CX49,A0A6A5Q0W8,P0CX84,P32905,A0A6A5Q0E8,A0A6A5PUL8,A0A6A5Q3Q1,P0CX41,P0CX86,P32324,P49166,A0A6A5PWF7,P0CX37,P0CX45,P0CX27,P05744,A0A6A5Q700,P35997,P0CX82,P0CX25,P05756,A0A6A5PRY4,O13516,P36105,A0A6A5PZ18,P0C0V8,P05748,P0C2H6,P17076,P02407,A0A6A5PVE9,P05743,A0A6A5Q6F2,P0CH08,P0CX31,P02406,A0A6A5PU37,P26784,Q02326",0.437,0.772,0.3
"P38011,P05738,P05740,A0A6A5Q7I9,P0CX29,P05749,Q02753,P06367,A0A6A5PWR1,A0A6A5PSE9,P0CX51,A0A6A5Q8I3,P0C2H8,P05737,P0CX55,P07280,P0CX33,P0CX35,P04456,P87262,A0A1L4AA68,Q12690,P0CX39,P04650,A0A6A5Q2N7,P14120,Q08745,A0A6A5Q3W0,A0A6A5PY83,B3LMD0,A0A6A5Q1M9,P26786,P05745,P0CX47,A0A6A5PV92,P14126,P0CX49,A0A6A5Q0W8,P0CX84,P32905,A0A6A5Q0E8,A0A6A5PUL8,A0A6A5Q3Q1,P0CX41,P0CX86,P32324,P49166,A0A6A5PWF7,P0CX37,P0CX45,P0CX27,P05744,A0A6A5Q700,P35997,P0CX82,P0CX25,P05756,A0A6A5PRY4,O13516,P36105,A0A6A5PZ18,P0C0V8,P05748,P0C2H6,P17076,P02407,A0A6A5PVE9,P05743,A0A6A5Q6F2,P0CH08,P0CX31,P02406,A0A6A5PU37,P26784,Q02326","Hypomethylated yeast 80S bound with Taura syndrome virus (TSV) internal ribosome entry site (IRES), eEF2, GDP, and sordarin, Structure III",2.95,EMD-41000,8t3d,"P38011,P05738,P05740,A0A6A5Q7I9,P0CX29,P05749,Q02753,P06367,A0A6A5PWR1,A0A6A5PSE9,P0CX51,A0A6A5Q8I3,P0C2H8,P05737,P0CX55,P07280,P0CX33,P0CX35,P04456,P87262,A0A1L4AA68,Q12690,P0CX39,P04650,A0A6A5Q2N7,P14120,Q08745,A0A6A5Q3W0,A0A6A5PY83,B3LMD0,A0A6A5Q1M9,P26786,P05745,P0CX47,A0A6A5PV92,P14126,P0CX49,A0A6A5Q0W8,P0CX84,P32905,A0A6A5Q0E8,A0A6A5PUL8,A0A6A5Q3Q1,P0CX41,P0CX86,P32324,P49166,A0A6A5PWF7,P0CX37,P0CX45,P0CX27,P05744,A0A6A5Q700,P35997,P0CX82,P0CX25,P05756,A0A6A5PRY4,O13516,P36105,A0A6A5PZ18,P0C0V8,P05748,P0C2H6,P17076,P02407,A0A6A5PVE9,P05743,A0A6A5Q6F2,P0CH08,P0CX31,P02406,A0A6A5PU37,P26784,Q02326","P38011,P05738,P05740,A0A6A5Q7I9,P0CX29,P05749,Q02753,P06367,A0A6A5PWR1,A0A6A5PSE9,P0CX51,A0A6A5Q8I3,P0C2H8,P05737,P0CX55,P07280,P0CX33,P0CX35,P04456,P87262,A0A1L4AA68,Q12690,P0CX39,P04650,A0A6A5Q2N7,P14120,Q08745,A0A6A5Q3W0,A0A6A5PY83,B3LMD0,A0A6A5Q1M9,P26786,P05745,P0CX47,A0A6A5PV92,P14126,P0CX49,A0A6A5Q0W8,P0CX84,P32905,A0A6A5Q0E8,A0A6A5PUL8,A0A6A5Q3Q1,P0CX41,P0CX86,P32324,P49166,A0A6A5PWF7,P0CX37,P0CX45,P0CX27,P05744,A0A6A5Q700,P35997,P0CX82,P0CX25,P05756,A0A6A5PRY4,O13516,P36105,A0A6A5PZ18,P0C0V8,P05748,P0C2H6,P17076,P02407,A0A6A5PVE9,P05743,A0A6A5Q6F2,P0CH08,P0CX31,P02406,A0A6A5PU37,P26784,Q02326",0.465,0.809,0.3
"P38011,P05740,P0CX47,P0CX29,P05749,Q02753,P38061,P06367,P05317,P0C2H8,P0CX51,P05737,P0CX55,P07280,P0CX33,P04456,P87262,P0CX35,Q12690,P04650,P04449,A0A6A5PUG0,Q02326,P05747,P14120,P05745,Q08745,P26786,P0CX40,A0A6A5PV92,Q3E7X9,Q3E792,P0CX49,P14126,P41805,P0CX84,P49167,P32905,P33442,P0CX41,A0A6A5Q3Q1,Q01855,A0A8H4FCT7,P49166,A0A8H8UMB4,P0CX37,P25443,P0CX45,P0CX27,P05744,P0C0W1,P35997,P0CX82,P26321,P0CX25,P10664,P05756,P36105,A0A6A5Q7K2,P05748,P0C2H6,P26783,O13516,P0C0V8,P17076,P0C0W9,P02407,A0A6A5PVE9,P05743,P0CH08,P0CX31,P02406,A0A6A5PU37,P26784,P0CX53,P0CX23",Translocation intermediate 4 (TI-4) of 80S S. cerevisiae ribosome with ligands and eEF2 in the presence of sordarin,2.05,EMD-16609,8ceh,"P38011,P05740,P0CX47,P0CX29,P05749,Q02753,P38061,P06367,P05317,P0C2H8,P0CX51,P05737,P0CX55,P07280,P0CX33,P04456,P87262,P0CX35,Q12690,P04650,P04449,A0A6A5PUG0,Q02326,P05747,P14120,P05745,Q08745,P26786,P0CX40,A0A6A5PV92,Q3E7X9,Q3E792,P0CX49,P14126,P41805,P0CX84,P49167,P32905,P33442,P0CX41,A0A6A5Q3Q1,Q01855,A0A8H4FCT7,P49166,A0A8H8UMB4,P0CX37,P25443,P0CX45,P0CX27,P05744,P0C0W1,P35997,P0CX82,P26321,P0CX25,P10664,P05756,P36105,A0A6A5Q7K2,P05748,P0C2H6,P26783,O13516,P0C0V8,P17076,P0C0W9,P02407,A0A6A5PVE9,P05743,P0CH08,P0CX31,P02406,A0A6A5PU37,P26784,P0CX53,P0CX23","P38011,P05740,P0CX47,P0CX29,P05749,Q02753,P38061,P06367,P05317,P0C2H8,P0CX51,P05737,P0CX55,P07280,P0CX33,P04456,P87262,P0CX35,Q12690,P04650,P04449,A0A6A5PUG0,Q02326,P05747,P14120,P05745,Q08745,P26786,P0CX40,A0A6A5PV92,Q3E7X9,Q3E792,P0CX49,P14126,P41805,P0CX84,P49167,P32905,P33442,P0CX41,A0A6A5Q3Q1,Q01855,P49166,P0CX37,P25443,P0CX45,P0CX27,P05744,P0C0W1,P35997,P0CX82,P26321,P0CX25,P10664,P05756,P36105,A0A6A5Q7K2,P05748,P0C2H6,P26783,O13516,P0C0V8,P17076,P0C0W9,P02407,A0A6A5PVE9,P05743,P0CH08,P0CX31,P02406,A0A6A5PU37,P26784,P0CX53,P0CX23",0.617,0.87,0.161
"P38011,P05740,P0CX47,P0CX29,P05749,Q02753,P38061,P06367,P05317,P0C2H8,P0CX51,P05737,P0CX55,P07280,P0CX33,P04456,P87262,P0CX35,Q12690,P04650,P04449,A0A6A5PUG0,Q02326,P05747,P14120,P05745,Q08745,P26786,P0CX40,A0A6A5PV92,Q3E7X9,Q3E792,P0CX49,P14126,P41805,P0CX84,P49167,P32905,P33442,P0CX41,A0A6A5Q3Q1,Q01855,A0A8H4FCT7,P49166,A0A8H8UMB4,P0CX37,P25443,P0CX45,P0CX27,P05744,P0C0W1,P35997,P0CX82,P26321,P0CX25,P10664,P05756,P36105,A0A6A5Q7K2,P05748,P0C2H6,P26783,O13516,P0C0V8,P17076,P0C0W9,P02407,A0A6A5PVE9,P05743,P0CH08,P0CX31,P02406,A0A6A5PU37,P26784,P0CX53,P0CX23",Translocation intermediate 5 (TI-5) of 80S S. cerevisiae ribosome with ligands and eEF2 in the presence of sordarin,2.47,EMD-16684,8civ,"P38011,P05740,P0CX47,P0CX29,P05749,Q02753,P38061,P06367,P05317,P0C2H8,P0CX51,P05737,P0CX55,P07280,P0CX33,P04456,P87262,P0CX35,Q12690,P04650,P04449,A0A6A5PUG0,Q02326,P05747,P14120,P05745,Q08745,P26786,P0CX40,A0A6A5PV92,Q3E7X9,Q3E792,P0CX49,P14126,P41805,P0CX84,P49167,P32905,P33442,P0CX41,A0A6A5Q3Q1,Q01855,A0A8H4FCT7,P49166,A0A8H8UMB4,P0CX37,P25443,P0CX45,P0CX27,P05744,P0C0W1,P35997,P0CX82,P26321,P0CX25,P10664,P05756,P36105,A0A6A5Q7K2,P05748,P0C2H6,P26783,O13516,P0C0V8,P17076,P0C0W9,P02407,A0A6A5PVE9,P05743,P0CH08,P0CX31,P02406,A0A6A5PU37,P26784,P0CX53,P0CX23","P38011,P05740,P0CX47,P0CX29,P05749,Q02753,P38061,P06367,P05317,P0C2H8,P0CX51,P05737,P0CX55,P07280,P0CX33,P04456,P87262,P0CX35,Q12690,P04650,P04449,A0A6A5PUG0,Q02326,P05747,P14120,P05745,Q08745,P26786,P0CX40,A0A6A5PV92,Q3E7X9,Q3E792,P0CX49,P14126,P41805,P0CX84,P49167,P32905,P33442,P0CX41,A0A6A5Q3Q1,Q01855,P49166,P0CX37,P25443,P0CX45,P0CX27,P05744,P0C0W1,P35997,P0CX82,P26321,P0CX25,P10664,P05756,P36105,A0A6A5Q7K2,P05748,P0C2H6,P26783,O13516,P0C0V8,P17076,P0C0W9,P02407,A0A6A5PVE9,P05743,P0CH08,P0CX31,P02406,A0A6A5PU37,P26784,P0CX53,P0CX23",0.561,0.741,0.18
"P38011,P05740,P0CX47,P0CX29,P05749,Q02753,P38061,P06367,P05317,P0C2H8,P0CX51,P05737,P0CX55,P07280,P0CX33,P04456,P87262,P0CX35,Q12690,P04650,P04449,A0A6A5PUG0,Q02326,P05747,P14120,P05745,Q08745,P26786,P0CX40,A0A6A5PV92,Q3E7X9,Q3E792,P0CX49,P14126,P41805,P0CX84,P49167,P32905,P33442,P0CX41,A0A6A5Q3Q1,Q01855,A0A8H4FCT7,P49166,A0A8H8UMB4,P0CX37,P25443,P0CX45,P0CX27,P05744,P0C0W1,P35997,P0CX82,P26321,P0CX25,P10664,P05756,P36105,A0A6A5Q7K2,P05748,P0C2H6,P26783,O13516,P0C0V8,P17076,P0C0W9,P02407,A0A6A5PVE9,P05743,P0CH08,P0CX31,P02406,A0A6A5PU37,P26784,P0CX53,P0CX23",Translocation intermediate 3 (TI-3) of 80S S. cerevisiae ribosome with ligands and eEF2 in the presence of sordarin,2.57,EMD-16634,8cg8,"P38011,P05740,P0CX47,P0CX29,P05749,Q02753,P38061,P06367,P05317,P0C2H8,P0CX51,P05737,P0CX55,P07280,P0CX33,P04456,P87262,P0CX35,Q12690,P04650,P04449,A0A6A5PUG0,Q02326,P05747,P14120,P05745,Q08745,P26786,P0CX40,A0A6A5PV92,Q3E7X9,Q3E792,P0CX49,P14126,P41805,P0CX84,P49167,P32905,P33442,P0CX41,A0A6A5Q3Q1,Q01855,A0A8H4FCT7,P49166,A0A8H8UMB4,P0CX37,P25443,P0CX45,P0CX27,P05744,P0C0W1,P35997,P0CX82,P26321,P0CX25,P10664,P05756,P36105,A0A6A5Q7K2,P05748,P0C2H6,P26783,O13516,P0C0V8,P17076,P0C0W9,P02407,A0A6A5PVE9,P05743,P0CH08,P0CX31,P02406,A0A6A5PU37,P26784,P0CX53,P0CX23","P38011,P05740,P0CX47,P0CX29,P05749,Q02753,P38061,P06367,P05317,P0C2H8,P0CX51,P05737,P0CX55,P07280,P0CX33,P04456,P87262,P0CX35,Q12690,P04650,P04449,A0A6A5PUG0,Q02326,P05747,P14120,P05745,Q08745,P26786,P0CX40,A0A6A5PV92,Q3E7X9,Q3E792,P0CX49,P14126,P41805,P0CX84,P49167,P32905,P33442,P0CX41,A0A6A5Q3Q1,Q01855,P49166,P0CX37,P25443,P0CX45,P0CX27,P05744,P0C0W1,P35997,P0CX82,P26321,P0CX25,P10664,P05756,P36105,A0A6A5Q7K2,P05748,P0C2H6,P26783,O13516,P0C0V8,P17076,P0C0W9,P02407,A0A6A5PVE9,P05743,P0CH08,P0CX31,P02406,A0A6A5PU37,P26784,P0CX53,P0CX23",0.499,0.761,0.18
"P38011,P05740,P0CX47,P0CX29,P05749,Q02753,P38061,P06367,P05317,P0C2H8,P0CX51,P05737,P0CX55,P07280,P0CX33,P04456,P87262,P0CX35,Q12690,P04650,P04449,A0A6A5PUG0,Q02326,P05747,P14120,P05745,Q08745,P26786,P0CX40,A0A6A5PV92,Q3E7X9,Q3E792,P0CX49,P14126,P41805,P0CX84,P49167,P32905,P33442,P0CX41,A0A6A5Q3Q1,Q01855,A0A8H4FCT7,P49166,A0A8H8UMB4,P0CX37,P25443,P0CX45,P0CX27,P05744,P0C0W1,P35997,P0CX82,P26321,P0CX25,P10664,P05756,P36105,A0A6A5Q7K2,P05748,P0C2H6,P26783,O13516,P0C0V8,P17076,P0C0W9,P02407,A0A6A5PVE9,P05743,P0CH08,P0CX31,P02406,A0A6A5PU37,P26784,P0CX53,P0CX23",Translocation intermediate 1 (TI-1) of 80S S. cerevisiae ribosome with ligands and eEF2 in the presence of sordarin,2.71,EMD-16616,8cf5,"P38011,P05740,P0CX47,P0CX29,P05749,Q02753,P38061,P06367,P05317,P0C2H8,P0CX51,P05737,P0CX55,P07280,P0CX33,P04456,P87262,P0CX35,Q12690,P04650,P04449,A0A6A5PUG0,Q02326,P05747,P14120,P05745,Q08745,P26786,P0CX40,A0A6A5PV92,Q3E7X9,Q3E792,P0CX49,P14126,P41805,P0CX84,P49167,P32905,P33442,P0CX41,A0A6A5Q3Q1,Q01855,A0A8H4FCT7,P49166,A0A8H8UMB4,P0CX37,P25443,P0CX45,P0CX27,P05744,P0C0W1,P35997,P0CX82,P26321,P0CX25,P10664,P05756,P36105,A0A6A5Q7K2,P05748,P0C2H6,P26783,O13516,P0C0V8,P17076,P0C0W9,P02407,A0A6A5PVE9,P05743,P0CH08,P0CX31,P02406,A0A6A5PU37,P26784,P0CX53,P0CX23","P38011,P05740,P0CX47,P0CX29,P05749,Q02753,P38061,P06367,P05317,P0C2H8,P0CX51,P05737,P0CX55,P07280,P0CX33,P04456,P87262,P0CX35,Q12690,P04650,P04449,A0A6A5PUG0,Q02326,P05747,P14120,P05745,Q08745,P26786,P0CX40,A0A6A5PV92,Q3E7X9,Q3E792,P0CX49,P14126,P41805,P0CX84,P49167,P32905,P33442,P0CX41,A0A6A5Q3Q1,Q01855,P49166,P0CX37,P25443,P0CX45,P0CX27,P05744,P0C0W1,P35997,P0CX82,P26321,P0CX25,P10664,P05756,P36105,A0A6A5Q7K2,P05748,P0C2H6,P26783,O13516,P0C0V8,P17076,P0C0W9,P02407,A0A6A5PVE9,P05743,P0CH08,P0CX31,P02406,A0A6A5PU37,P26784,P0CX53,P0CX23",0.548,0.748,0.232
"P83876,O75643,Q9BUQ8,Q6P2Q9,Q15459,Q15029,O43290,Q8WWY3,O94906,P55769,O43395,Q53GS9,O43172",Cryo-EM Structure of Pre-B+ATP Complex (core part),3.7,EMD-18547,8qpb,"P83876,O75643,Q9BUQ8,Q6P2Q9,Q15459,Q15029,O43290,Q8WWY3,O94906,P55769,O43395,Q53GS9,O43172","P83876,O75643,Q9BUQ8,Q6P2Q9,Q15459,Q15029,O43290,Q8WWY3,O94906,P55769,O43395,Q53GS9,O43172",0.423,0.877,0.027
"P83876,O75643,Q9BUQ8,Q6P2Q9,Q15459,Q15029,O43290,Q8WWY3,O94906,P55769,O43395,Q53GS9,O43172",Cryo-EM Structure of Pre-B+5'ssLNG Complex (core part),3.7,EMD-18546,8qpa,"P83876,O75643,Q9BUQ8,Q6P2Q9,Q15459,Q15029,O43290,Q8WWY3,O94906,P55769,O43395,Q53GS9,O43172","P83876,O75643,Q9BUQ8,Q6P2Q9,Q15459,Q15029,O43290,Q8WWY3,O94906,P55769,O43395,Q53GS9,O43172",0.439,0.615,0.031
"P83876,O75643,Q9BUQ8,Q6P2Q9,Q15459,Q15029,O43290,Q8WWY3,O94906,P55769,O43395,Q53GS9,O43172",Cryo-EM Structure of Pre-B+5'ss+ATPgammaS Complex (core part),3.1,EMD-18542,8qoz,"P83876,O75643,Q9BUQ8,Q6P2Q9,Q15459,Q15029,O43290,Q8WWY3,O94906,P55769,O43395,Q53GS9,O43172","P83876,O75643,Q9BUQ8,Q6P2Q9,Q15459,Q15029,O43290,Q8WWY3,O94906,P55769,O43395,Q53GS9,O43172",0.519,0.842,0.032
"Q02260,P43321,P32605,Q00916,P40204,P53207,Q06217,P40018,Q12330,Q03782,Q07508,P54999,Q05900,Q03776,P39682,Q00539",Yeast U1 snRNP with humanized U1C Zinc-Finger domain,3.49,EMD-43753,8w2o,"Q02260,P43321,P32605,Q00916,P40204,P53207,Q06217,P40018,Q12330,Q03782,Q07508,P54999,Q05900,Q03776,P39682,Q00539","Q02260,P43321,P32605,Q00916,P40204,P53207,Q06217,P40018,Q12330,Q03782,Q07508,P54999,Q05900,Q03776,P39682,Q00539",0.417,0.986,0.08
"Q02260,P43321,P32605,Q00916,P40204,P53207,Q06217,P40018,Q12330,Q03782,Q07508,P54999,Q05900,Q03776,P39682,Q00539",Saccharomyces cerevisiae spliceosomal E complex (ACT1),3.2,EMD-0361,6n7r,"Q02260,P43321,P32605,Q00916,P40204,P53207,Q06217,P40018,Q12330,Q03782,Q07508,P54999,Q05900,Q03776,P39682,Q00539","Q02260,P43321,P32605,Q00916,P40204,P53207,Q06217,P40018,Q12330,Q03782,Q07508,P54999,Q05900,Q03776,P39682,Q00539",0.427,0.574,0.05
"Q38BU6,Q387Z0,Q585L4",Trypanosoma brucei nuclear cap-binding complex (CBC) bound to cap4,2.8,EMD-50217,9f67,"Q38BU6,Q387Z0,Q585L4","Q38BU6,Q387Z0,Q585L4",0.514,0.828,0.25
"Q38BU6,Q387Z0,Q585L4",Trypanosoma brucei nuclear cap-binding complex (CBC) bound to cap0,2.4,EMD-50173,9f3f,"Q38BU6,Q387Z0,Q585L4","Q38BU6,Q387Z0,Q585L4",0.565,0.866,0.01
"Q5RKV6,Q96B26,Q9Y3B2,Q99547,Q9Y2L1,Q01780,Q9NQT5,Q13868,Q9NPD3,Q06265,Q9NQT4,P42285,Q15024",Human nuclear exosome-MTR4 RNA complex - overall reconstruction,3.45,EMD-7808,6d6q,"Q5RKV6,Q96B26,Q9Y3B2,Q99547,Q9Y2L1,Q01780,Q9NQT5,Q13868,Q9NPD3,Q06265,Q9NQT4,P42285,Q15024","Q5RKV6,Q96B26,Q9Y3B2,Q99547,Q9Y2L1,Q01780,Q9NQT5,Q13868,Q9NPD3,Q06265,Q9NQT4,P42285,Q15024",0.413,0.598,0.025
"Q5RKV6,Q96B26,Q9Y3B2,Q99547,Q9Y2L1,Q01780,Q9NQT5,Q13868,Q9NPD3,Q06265,Q9NQT4,P42285,Q15024",Human nuclear exosome-MTR4 RNA complex - composite map after focused reconstruction,3.45,EMD-7809,6d6r,"Q5RKV6,Q96B26,Q9Y3B2,Q99547,Q9Y2L1,Q01780,Q9NQT5,Q13868,Q9NPD3,Q06265,Q9NQT4,P42285,Q15024","Q5RKV6,Q96B26,Q9Y3B2,Q99547,Q9Y2L1,Q01780,Q9NQT5,Q13868,Q9NPD3,Q06265,Q9NQT4,P42285,Q15024",0.456,0.705,0.037
"Q69YN4,Q15007","Human m6A-METTL associated complex (WTAP, VIRMA, and HAKAI)",3.0,EMD-31947,7vf5,"Q69YN4,Q15007","Q69YN4,Q15007",0.448,0.747,0.36
"Q69YN4,Q15007",Structure of WTAP-VIRMA in the m6A writer complex,3.1,EMD-33807,7yg4,"Q69YN4,Q15007","Q69YN4,Q15007",0.471,0.749,0.3
